index,published,keyword,domain,language,valid,title,description,url,image,archive,content,quote,de,en,la,added
8d33374a4d558f0ddaeadeab213b9f05,2025-12-05T13:00:00Z,'+heat drink',soldiersystems.net,en,0.8,Qore Performance Launches ICEPLATE Gen 3: Cooling & Heating Thermoregulation + Hard-Cell Hydration Bladder,"Knoxville, TN — Qore Performance, Inc. announces the launch of ICEPLATE® Gen 3, the next-generation Medium ESAPI-shaped hard-cell hydration bladder that delivers 70 watts of cooling, 52 watts of heating, and 52.4 fl oz (1.55 L) of drinkable water in a single,…",https://soldiersystems.net/2025/12/05/qore-performance-launches-iceplate-gen-3-cooling-heating-thermoregulation-hard-cell-hydration-bladder/,https://soldiersystems.net/wp-content/uploads/2025/12/ICEPLATE-GEN-3-1-440x294.jpeg,,"Knoxville, TN Qore Performance, Inc. announces the launch of ICEPLATE® Gen 3, the next-generation Medium ESAPI-shaped hard-cell hydration bladder that delivers 70 watts of cooling, 52 watts of heatin… [+2723 chars]",,"Qore Performance bringt ICEPLATE Gen 3 auf den Markt: Kühl- und Heiz-Thermoregulierung + hartzellige Trinkblase. Knoxville, TN – Qore Performance, Inc. kündigt die Einführung von ICEPLATE® Gen 3 an, der mittelgroßen ESAPI-förmigen Hartzellen-Trinkblase der nächsten Generation, die 70 Watt Kühlung, 52 Watt Heizung und 52,4 fl oz (1,55 l) Trinkwasser in einem einzigen,… liefert.","Qore Performance Launches ICEPLATE Gen 3: Cooling & Heating Thermoregulation + Hard-Cell Hydration Bladder. Knoxville, TN — Qore Performance, Inc. announces the launch of ICEPLATE® Gen 3, the next-generation Medium ESAPI-shaped hard-cell hydration bladder that delivers 70 watts of cooling, 52 watts of heating, and 52.4 fl oz (1.55 L) of drinkable water in a single,…","Qore euismod Launches ICEPLATE Gen 3: Refrigerationem & Calefaciens Thermoregulation + Hard-Cell Hydration Vesicae. Knoxville, TN — Qore euismod, Inc. denuntiat immissionem ICEPLATE® Gen 3, generationis proximae Medium ESAPI-cellula hydrationis vesicae durissimae quae 70 watts refrigerationis liberat, 52 watts calefactionis, et 52.4 fl oz (1.55 L) aquae potabilis in uno,…",2025-12-07 03:17:59+00:00
5543d887f8d0ca9965198bb25e2dc91f,2025-12-05T16:57:31Z,'+heat stroke',www.medicaldaily.com,en,0.8,Heatstroke Symptoms to Watch For: Key Warning Signs of Summer Disease and Heat Exhaustion,Heatstroke and heat exhaustion are serious summer diseases — learn to spot key heatstroke symptoms and how to respond to protect yourself and loved ones.,https://www.medicaldaily.com/heatstroke-symptoms-watch-key-warning-signs-summer-disease-heat-exhaustion-474057,https://d.medicaldaily.com/en/full/480909/sun-setting.jpg,,"Hot weather can bring more than just discomfort — it can lead to serious health dangers. Heatstroke and heat exhaustion are among the most dangerous summer diseases, and both require awareness and pr… [+5830 chars]",,"Zu beachtende Symptome eines Hitzschlags: Wichtige Warnzeichen für Sommerkrankheit und Hitzeerschöpfung. Hitzschlag und Hitzeerschöpfung sind schwere Sommerkrankheiten – lernen Sie, die wichtigsten Hitzschlagsymptome zu erkennen und zu reagieren, um sich selbst und Ihre Lieben zu schützen.",Heatstroke Symptoms to Watch For: Key Warning Signs of Summer Disease and Heat Exhaustion. Heatstroke and heat exhaustion are serious summer diseases — learn to spot key heatstroke symptoms and how to respond to protect yourself and loved ones.,Heatstroke Symptomata observare: Clavis Admonitio Signa aestatis Morbus et Caloris Exhaustionis. Heatstroke et calor defatigationis sunt gravia aestatis morbis - disce macula clavis heatstroke salubria et quomodo respondeat te et caris tuearis.,2025-12-08 13:24:52+00:00
a7f4315a1e212aec216e1cbb9da05045,2025-12-10T11:10:00Z,'+heat climate change',e360.yale.edu,en,0.8,EPA Removes Mention of Human Drivers of Warming from Its Website,The Environmental Protection Agency has scrubbed from its website information on how humans are driving warming. A web page that once explored the central role of fossil fuels in heating the planet now only mentions natural drivers of climate change.Read more…,https://e360.yale.edu/digest/epa-website-climate-change,https://yale-threesixty.transforms.svdcdn.com/production/EPA-Headquarters_Wikipedia.jpg?w=1200&q=60&auto=format&fit=max&dm=1746795431&s=73fcf49b78ea9d0f8e6d84eefbf392c0,http://web.archive.org/web/20251210222412/https://e360.yale.edu/digest/epa-website-climate-change,The Environmental Protection Agency has scrubbed from its website information on how humans are driving warming. A web page that once explored the central role of fossil fuels in heating the planet n… [+1737 chars],,"EPA entfernt Erwähnung menschlicher Treiber der Erwärmung von ihrer Website. Die Environmental Protection Agency hat Informationen darüber, wie Menschen die Erwärmung vorantreiben, von ihrer Website entfernt. Eine Webseite, die einst die zentrale Rolle fossiler Brennstoffe bei der Erwärmung des Planeten untersuchte, erwähnt heute nur noch natürliche Treiber des Klimawandels.Weiterlesen…",EPA Removes Mention of Human Drivers of Warming from Its Website. The Environmental Protection Agency has scrubbed from its website information on how humans are driving warming. A web page that once explored the central role of fossil fuels in heating the planet now only mentions natural drivers of climate change.Read more…,EPA removet mentionem humanorum Coegi tepidi ab eius Website. Tutela Environmental Procuratio exploravit ab eius website informationes super quomodo homines calefactionem agunt. Pagina interreta quae olim partes centrales fossilium fuelum exploravit in planeta calefaciendo nunc tantum nominat rectores mutationis climatis naturales. Read more…,2025-12-11 13:28:08+00:00
848abb2be3ccc312014601de2f853915,2025-12-05T05:00:00Z,'+warm spell',dramabeans.com,en,0.8,Ahn Bo-hyun is the cure to Lee Joo-bin’s Spring Fever,"Turning away from winter’s chilly knock at our doorsteps, tvN puts us under the spell of a warm and sunny Spring Fever with Ahn Bo-hyun (Flex x Cop) and Lee Joo-bin (Twelve) as our leads. And the rom-com presents its first full set of promos, including a new …",https://dramabeans.com/2025/12/ahn-bo-hyun-is-the-cure-to-lee-joo-bins-spring-fever/,https://dramabeans.com/wp-content/uploads/2025/12/tvn-sprfev-tt-5.jpg,,"Ahn Bo-hyun is the cure to Lee Joo-bin’s Spring Fever
Turning away from winter’s chilly knock at our doorsteps, tvN puts us under the spell of a warm and sunny Spring Fever with Ahn Bo-hyun (Flex x … [+1422 chars]",,"Ahn Bo-hyun ist das Heilmittel gegen Lee Joo-bins Frühlingsfieber. tvN wendet sich von der Kälte des Winters vor unserer Haustür ab und versetzt uns in den Bann warmer und sonniger Frühlingsgefühle mit Ahn Bo-hyun (Flex x Cop) und Lee Joo-bin (Twelve) in den Hauptrollen. Und die Liebeskomödie präsentiert ihre ersten vollständigen Promos, darunter ein neues …","Ahn Bo-hyun is the cure to Lee Joo-bin’s Spring Fever. Turning away from winter’s chilly knock at our doorsteps, tvN puts us under the spell of a warm and sunny Spring Fever with Ahn Bo-hyun (Flex x Cop) and Lee Joo-bin (Twelve) as our leads. And the rom-com presents its first full set of promos, including a new …","Ahn Bo-hyun remedium est Lee Joo-bin's Spring Febris. Aversus ab hiemis gelidus ad ostia nostra pulset, tvN nos sub alica calida et aprici fontis Febris cum Ahn Bo-hyun (flex x Cop) et Lee Joo-bin (Twelve) nos ducit. Et rom-com suam primam plenam paroemiam exhibet, cum novam ...",2025-12-13 13:17:02+00:00
9d49b1e9edfb71390722e86e69144e91,2025-12-09T13:20:00Z,'+warm spell',barcauniversal.com,en,0.8,Barcelona loanee earns warm recognition from current manager – ‘Performing at a very high level’,"Barcelona defender Hector Fort is discovering a fresh wave of confidence and form during his loan spell at Elche. Under the guidance of Eder Sarabia, the 19-year-old full-back has seen his game flour...",https://barcauniversal.com/barcelona-loanee-earns-warm-recognition-from-current-manager-performing-at-a-very-high-level/,https://s.yimg.com/ny/api/res/1.2/wFeUR8gikJf7XfceCr7jmA--/YXBwaWQ9aGlnaGxhbmRlcjt3PTEyMDA7aD03OTk7Y2Y9d2VicA--/https://media.zenfs.com/en/barca_universal_articles_732/b903738bcff04e85ad223c256c61664e,,"Barcelona defender Hector Fort is discovering a fresh wave of confidence and form during his loan spell at Elche.
Under the guidance of Eder Sarabia, the 19-year-old full-back has seen his game flou… [+1851 chars]",,"Der Barca-Leihspieler erhält herzliche Anerkennung vom aktuellen Manager: „Leistung auf sehr hohem Niveau“. Der Barcelona-Verteidiger Hector Fort entdeckt während seiner Leihe bei Elche eine neue Welle an Selbstvertrauen und Form. Unter der Leitung von Eder Sarabia erlebte der 19-jährige Außenverteidiger, dass sein Spiel schwächelte...","Barcelona loanee earns warm recognition from current manager – ‘Performing at a very high level’. Barcelona defender Hector Fort is discovering a fresh wave of confidence and form during his loan spell at Elche. Under the guidance of Eder Sarabia, the 19-year-old full-back has seen his game flour...","Barcinone loanee calefacit recognitionem e procuratore currenti - 'Facendo in gradu maximo'. Barcinone propugnator Hectoris Fort detegit novam fiduciam et formam in mutuo carmine apud Elche. Sub duce Eder Sarabiae, XIX annos plenus-retro vidit farinam ludum suum.",2025-12-13 18:54:24+00:00
306463a28e172ad41b83363d10ea8fa3,2025-12-09T17:56:41Z,'+warm spell',biztoc.com,en,0.8,Investors warm up for long spell of discordant Fed,,https://biztoc.com/x/8a9818a65284768f,https://biztoc.com/cdn/8a9818a65284768f_s.webp,,"{ window.open(this.href, '_blank'); }, 200); return false;""&gt;Why did Paramount launch a hostile bid for Warner Bros? { window.open(this.href, '_blank'); }, 200); return false;""&gt;What impact will … [+746 chars]",,Die Anleger bereiten sich auf die lange Zeit der Uneinigkeit mit der US-Notenbank vor.,Investors warm up for long spell of discordant Fed. ,Obsidere fovere longo carmine discors H .,2025-12-13 18:54:24+00:00
c73843c022a3d6810a10d7bcf5351042,2025-12-10T03:13:31Z,'+warm spell',slashdot.org,en,0.8,Stock futures are little changed as investors await Fed decision: Live updates - CNBC,"Stock futures are little changed as investors await Fed decision: Live updatesCNBC S&P 500 closes little changed ahead of Fed decision, JPMorgan weighs on DowCNBC Investors warm up for long spell of discordant FedReuters US stocks hold in place in the countdo…",https://slashdot.org/firehose.pl?op=view&amp;id=180350853,,http://web.archive.org/web/20160119174443/http://slashdot.org/firehose.pl?op=view,The Fine Print: The following comments are owned by whoever posted them. We are not responsible for them in any way.,,"Aktien-Futures haben sich kaum verändert, da die Anleger auf die Entscheidung der Fed warten: Live-Updates – CNBC. Die Aktien-Futures haben sich kaum verändert, da die Anleger auf die Entscheidung der Fed warten: Live-UpdatesCNBC S&P 500 schließt vor Fed-Entscheidung kaum verändert, JPMorgan belastet DowCNBC-Investoren bereiten sich auf lange Zeit der Uneinigkeit vor FedReuters US-Aktien bleiben in der Zählung an Ort und Stelle …","Stock futures are little changed as investors await Fed decision: Live updates - CNBC. Stock futures are little changed as investors await Fed decision: Live updatesCNBC S&P 500 closes little changed ahead of Fed decision, JPMorgan weighs on DowCNBC Investors warm up for long spell of discordant FedReuters US stocks hold in place in the countdo…","Prosapia futura parum mutata sunt ut investatores exspectant H consilium: Ago updates - CNBC. Prosapia futura parum mutata sunt ut investatores exspectant H consilium: Vive updatesCNBC S&P 500 claudit parum mutatum ante decisionem H, JPMorgan premit DowCNBC Investors fovere diu dissonae FedReuters US nervos in loco in countdo tenent.",2025-12-14 03:19:36+00:00
f3cc0e44dd4cec8c6b2ff8d6ea0ea07d,2025-12-12T23:06:02Z,'+heat wave',www.abc.net.au,en,0.8,Public housing with no aircon leaves Roebourne locals holding the hose,"WA's Pilbara has already endured a seven-day heatwave this month, but many in the town of Roebourne have little more than a hose and wet sheets to keep them cool as temperatures top 45 degrees Celsius.",https://www.abc.net.au/news/2025-12-13/public-housing-residents-in-roebourne-swelter-through-heatwave/106129428,https://live-production.wcms.abc-cdn.net.au/76de793cfba47d1edd1a0431c3c93400?impolicy=wcms_watermark_news&cropH=2250&cropW=4000&xPos=0&yPos=208&width=862&height=485&imformat=generic,,"In the first week of summer, the Pilbara community of Roebourne has already endured a severe seven-day heatwave in which the mercury peaked at 46.8 degrees Celsius.
The town of about 1,000 is one of… [+5279 chars]",,"Sozialwohnungen ohne Klimaanlage lassen die Einheimischen von Roebourne in der Klemme. Pilbara in Westaustralien hat diesen Monat bereits eine siebentägige Hitzewelle überstanden, aber viele in der Stadt Roebourne haben kaum mehr als einen Schlauch und nasse Laken, um sich bei Temperaturen über 45 Grad Celsius kühl zu halten.","Public housing with no aircon leaves Roebourne locals holding the hose. WA's Pilbara has already endured a seven-day heatwave this month, but many in the town of Roebourne have little more than a hose and wet sheets to keep them cool as temperatures top 45 degrees Celsius.","Publicam habitationem nullis aircon foliis Roebourne incolis caligarum tenens. WA Pilbara iam septem dies aestus huius mensis sustinuit, sed multi in oppido Roebourne paulo plus quam caligas et schedae humidae habent ut temperaturas 45 gradus Celsius summos temperent.",2025-12-14 06:57:29+00:00
c8c21fd855cc776dcf9d6a6ef49b88a0,2025-12-13T06:40:01Z,'+heat wave',www.abc.net.au,en,0.8,Severe heatwave closes Penguin Island as abalone season begins,"Perth is in the grip of its hottest spell so far this summer, forcing the closure of a popular tourist attraction as abalone fishing season got underway.",https://www.abc.net.au/news/2025-12-13/severe-heatwave-as-wa-abalone-season-begins/106139888,https://live-production.wcms.abc-cdn.net.au/1f5ddc1eb02208b7411cc4f403d46c19?impolicy=wcms_watermark_news&cropH=2545&cropW=4525&xPos=0&yPos=236&width=862&height=485&imformat=generic,,"A severe heatwave has forced authorities to close Penguin Island and cancel a popular event at Government House this weekend, with Perth temperatures forecast to hit 37 degrees Celsius on Saturday an… [+3334 chars]",,"Eine schwere Hitzewelle schließt Penguin Island aus, da die Abalone-Saison beginnt. Perth befindet sich in diesem Sommer in der bisher heißesten Phase dieses Sommers und erzwingt die Schließung einer beliebten Touristenattraktion, da die Saison zum Abalone-Angeln begonnen hat.","Severe heatwave closes Penguin Island as abalone season begins. Perth is in the grip of its hottest spell so far this summer, forcing the closure of a popular tourist attraction as abalone fishing season got underway.","Gravis heatwave claudit Penguin Island ut abalone tempus incipit. Perth in tenaci sui incantamenti calidissimi tantum hac aestate, clausuram attractio popularis urbis, sicut abalone piscationis tempore comparata obtinuit.",2025-12-15 03:20:48+00:00
53aedb32ec38b0c556d1ef2835fbbb3d,2025-12-14T17:51:43Z,'+heat climate change',newrepublic.com,en,0.8,Climate Change Is Coming for Your Favorite Holiday Foods,"Chocolate, vanilla, coffee, cinnamon: The ingredients for your favorite holiday foods are becoming increasingly harder to grow because of climate change.For example, cocoa beans are grown in West Africa, which has been facing more days of extreme heat and dro…",https://newrepublic.com/post/204400/climate-change-holiday-ingredients-meal,https://images.newrepublic.com/fec0603b053275a567f1b60886553220f6f6ed78.jpeg?w=1200&h=630&crop=faces&fit=crop&fm=jpg,,"In response, a bipartisan committee came up with some recommendations: a coin featuring Frederick Douglass to represent abolition, one with a Votes for Women flag to honor womens suffrage, and a coin… [+512 chars]",,"Der Klimawandel steht vor der Tür für Ihre liebsten Feiertagsspeisen. Schokolade, Vanille, Kaffee, Zimt: Aufgrund des Klimawandels wird es immer schwieriger, die Zutaten für Ihre liebsten Feiertagsspeisen anzubauen. Kakaobohnen werden beispielsweise in Westafrika angebaut, wo es seit mehr Tagen extremer Hitze und Kälte ausgesetzt ist.","Climate Change Is Coming for Your Favorite Holiday Foods. Chocolate, vanilla, coffee, cinnamon: The ingredients for your favorite holiday foods are becoming increasingly harder to grow because of climate change.For example, cocoa beans are grown in West Africa, which has been facing more days of extreme heat and dro…","Clima Mutatio venit pro Your Favorite Holiday Victus. Scelerisque, vanilla, capulus, cinnamomum: ingredientia pro cibis tuis feriatis gratiis magis magisque augescunt propter mutationem climatis. Sicut fabae cocae in Africa occidentali creverunt, quae ad plures dies caloris extremi et dro…",2025-12-15 19:01:12+00:00
c921ef995f277c89599f559ffeab045e,2025-12-10T09:43:23Z,'+heat stroke',www.pcgamer.com,en,0.3,"Marvel Rivals is turning up the heat with a new busted hero who can steal powers from her enemies to create shields, heal, and turn invisible",It's the Rogue meta.,https://www.pcgamer.com/games/third-person-shooter/marvel-rivals-is-turning-up-the-heat-with-a-new-busted-hero-who-can-steal-powers-from-her-enemies-to-create-shields-heal-and-turn-invisible/,https://cdn.mos.cms.futurecdn.net/NmUoHFbLkyswUrwac3NuyR-2560-80.png,,"Just as was promised, Rogue is being teased as the new hero for Marvel Rivals season 5.5. This follows on from her partner Gambit being introduced at the start of the season and scenes of their weddi… [+2099 chars]",,"Marvel Rivals heizt mit einer neuen kaputten Heldin ein, die ihren Feinden Kräfte stehlen kann, um Schilde zu erschaffen, zu heilen und unsichtbar zu werden. Es ist das Rogue-Meta.","Marvel Rivals is turning up the heat with a new busted hero who can steal powers from her enemies to create shields, heal, and turn invisible. It's the Rogue meta.","Mirari aemuli ardorem versat cum novo heroe busted qui vires ab inimicis surripere potest ut scuta crearet, sana, et invisibilia convertat. Perfide meta est.",2025-12-18 03:12:19+00:00
22d98a2a015fe87826e21c6082265013,2025-12-15T14:00:00Z,'+heat stroke',www.rollingstone.com,en,0.2,How Did ‘Heat’ Become the Most Beloved Crime Movie of the Past 30 Years?,"As Michael Mann's cops vs. robbers epic turns 30, we look back on the movie's evolution from tough-guy cult film to a genuine American classic",http://www.rollingstone.com/tv-movies/tv-movie-features/heat-30th-anniversary-best-crime-movie-1235480130/,https://www.rollingstone.com/wp-content/uploads/2025/12/HEAt_LEAD_MCDHEAT_EC006.jpg?w=1600&h=900&crop=1,,"It’s just two guys in nice suits, sitting across from each other at a restaurant, enjoying a cup of coffee. One of them happens to be a criminal on the verge of pulling one final big score. The other… [+11897 chars]",,"Wie wurde „Heat“ zum beliebtesten Kriminalfilm der letzten 30 Jahre? Während Michael Manns Räuber-gegen-Polizisten-Epos 30 Jahre alt wird, blicken wir auf die Entwicklung des Films vom knallharten Kultfilm zum echten amerikanischen Klassiker zurück","How Did ‘Heat’ Become the Most Beloved Crime Movie of the Past 30 Years?. As Michael Mann's cops vs. robbers epic turns 30, we look back on the movie's evolution from tough-guy cult film to a genuine American classic","Quomodo 'Astus' dilectissimi Criminis Movie facti sunt XXX annorum praeteritorum?. Sicut Michael Mann scriptor cops latrones heroicos vs. 30 vertit, respicimus in evolutionem pelliculae ex lento-guy cultu pelliculae ad genuinum classicum Americanum",2025-12-18 07:01:15+00:00
428a63d85273e02c4e05f2ff1bce15f4,2025-12-01T18:18:37Z,'+heat stroke',www.miamiherald.com,en,0.3,"Miami’s weather could reach toward a record this week, along with a related risk",South Florida and the Keys forecast from Tuesday to Sunday.,https://www.miamiherald.com/news/weather-news/article313284158.html,https://s.yimg.com/ny/api/res/1.2/1LA2eLR.P1JKYrXn5tsXlg--/YXBwaWQ9aGlnaGxhbmRlcjt3PTEyMDA7aD02OTA7Y2Y9d2VicA--/https://media.zenfs.com/en/miami_herald_mcclatchy_975/00548e9f5ad7ec9951cc7ba031246319,,"South Florida is heating up like your Thanksgiving leftovers and will flirt with a high temperature record this week.
According to Miami Herald news partner CBS News Miami, Tuesday could reach a hig… [+1913 chars]",,"Das Wetter in Miami könnte diese Woche einen Rekord erreichen, zusammen mit einem damit verbundenen Risiko. Vorhersage für Südflorida und die Keys von Dienstag bis Sonntag.","Miami’s weather could reach toward a record this week, along with a related risk. South Florida and the Keys forecast from Tuesday to Sunday.",Tempestas Miami in actis huius hebdomadae cum relato periculo attingere potuit. Florida Australis et Claves praecognoscent a die Martis ad diem dominicum.,2025-12-18 07:01:15+00:00
d6db1507906a13b6503b2dec850db827,2025-12-16T16:22:52Z,'+heat stroke',rollingout.com,en,0.3,Xcel plans to shut off power in these areas soon,"Colorado’s Front Range faces a critical situation as weeks of unseasonably warm, dry weather have created a tinderbox environment across the region. Denver recently tied a century-old heat record when temperatures climbed to 68 degrees on December 15, matchin…",https://rollingout.com/2025/12/16/xcel-plans-to-shut-off-power-areas-soon/,,,"Colorado’s Front Range faces a critical situation as weeks of unseasonably warm, dry weather have created a tinderbox environment across the region. Denver recently tied a century-old heat record whe… [+4730 chars]",,"Xcel plant, den Strom in diesen Gebieten bald abzuschalten. Die Front Range in Colorado befindet sich in einer kritischen Situation, da wochenlang ungewöhnlich warmes und trockenes Wetter in der gesamten Region für eine Atmosphäre des Pulverfass gesorgt hat. Denver stellte kürzlich einen jahrhundertealten Hitzerekord auf, als die Temperaturen am 15. Dezember auf 68 Grad kletterten, was mit…","Xcel plans to shut off power in these areas soon. Colorado’s Front Range faces a critical situation as weeks of unseasonably warm, dry weather have created a tinderbox environment across the region. Denver recently tied a century-old heat record when temperatures climbed to 68 degrees on December 15, matchin…","Xcel consilia virtutis in his locis mox secluserunt. Colorado's Front Range situm criticum facit sicut hebdomades intempestive calidae, siccitatis tempestatum tinderbox environment trans regionem creaverunt. Denver nuper recordum caloris centuriae veteris ligavit cum temperaturas ad 68 gradus die 15 Decembris ascendit, matchin…",2025-12-18 13:25:50+00:00
4349acbaa41b1fe3bd23fa62c8b4851f,2025-12-17T11:30:01Z,'+heat wave',www.foxnews.com,en,0.3,Vanity Fair's Susie Wiles profile fuels right-wing uproar towards White House for giving access to liberal mag,Conservative critics are taking aim at the White House for granting unprecedented access to Vanity Fair in what resulted was an explosive profile of Susie Wiles.,https://www.foxnews.com/media/vanity-fairs-susie-wiles-profile-fuels-rightwing-uproar-towards-white-house-giving-access-liberal-mag,https://static.foxnews.com/foxnews.com/content/uploads/2025/12/susie-wiles-october.jpg,,"The White House is taking heat from conservatives after Vanity Fair published its bombshell profile of White House chief of staff Susie Wiles, which has dominated the news cycle.
Vanity Fair writer … [+4591 chars]",,"Das Profil von Susie Wiles von Vanity Fair heizt den Aufruhr der Rechten gegen das Weiße Haus an, weil es Zugang zu liberalen Zeitschriften gewährt. Konservative Kritiker nehmen das Weiße Haus ins Visier, weil es beispiellosen Zugang zu Vanity Fair gewährt hat, was zu einem explosiven Profil von Susie Wiles führte.",Vanity Fair's Susie Wiles profile fuels right-wing uproar towards White House for giving access to liberal mag. Conservative critics are taking aim at the White House for granting unprecedented access to Vanity Fair in what resulted was an explosive profile of Susie Wiles.,Vanitas Pulchri Susie Wiles profile fuels tumultus cornus dextros versus Albam Domum praebendi accessum ad mag- litudinem liberalem. Critici optimates contendunt apud Albam Domum ut accessum ad Vanitatem Fair inauditum concederet in eo quod consecuta erat profile explosivae Susie Wiles.,2025-12-18 13:25:50+00:00
c25f971d92a41f90286266040233bb56,2025-12-16T17:10:01Z,'+heat wave',www.memeorandum.com,en,0.8,The Trump Mind-Set Is Not Complex (Thomas B. Edsall/New York Times),"Thomas B. Edsall / New York Times:
The Trump Mind-Set Is Not Complex  —  Peering into the Trump mind-set — the logic underpinning his priorities, his morality, his decision making — is like opening up a garbage pail left out for days during a summer heat wave…",https://www.memeorandum.com/251216/p60,https://static01.nyt.com/images/2025/12/16/multimedia/16edsall-cvlb/16edsall-cvlb-facebookJumbo.jpg,,"memeorandum is an auto-generated summary of the stories that US political commentators are discussing online right now.
Unlike sister sites Techmeme and Mediagazer, it is not a human-edited news out… [+72 chars]",,"Die Trump-Denkweise ist nicht komplex (Thomas B. Edsall/New York Times). Thomas B. Edsall / New York Times:
Die Trump-Denkweise ist nicht komplex  —  Ein Blick in die Trump-Denkweise – die Logik, die seinen Prioritäten, seiner Moral, seiner Entscheidungsfindung zugrunde liegt – ist, als würde man einen Mülleimer öffnen, der während einer Sommerhitzewelle tagelang stehen geblieben ist …","The Trump Mind-Set Is Not Complex (Thomas B. Edsall/New York Times). Thomas B. Edsall / New York Times:
The Trump Mind-Set Is Not Complex  —  Peering into the Trump mind-set — the logic underpinning his priorities, his morality, his decision making — is like opening up a garbage pail left out for days during a summer heat wave…","BUCINUM Mind-Set non complexus (Thomas B. Edsall/New York Times). Thomas B. Edsall / Novi Eboraci:
BUCINUM Mens posita non est complexa —  Intuitus BUCINUM mentem — logica sua potiora nititur, eius mores, consilium faciens — est sicut purgamentum mulctra aperienda per dies in aestu aestivo fluctuanti.",2025-12-18 13:25:50+00:00
84ae9a94f6fefb32e1aae3c9745df469,2025-12-17T13:00:00Z,'+heat wave',www.livescience.com,en,0.8,Snakes' mind-bending 'heat vision' inspires scientists to build a 4K imaging system that could one day fit into your smartphone,"The human eye can only detect wavelengths in the visible light range, but a new imaging system will let us ""see"" infrared radiation using smartphones.",https://www.livescience.com/technology/snakes-mind-bending-heat-vision-inspires-scientists-to-build-a-4k-imaging-system-that-could-one-day-fit-into-your-smartphone,https://cdn.mos.cms.futurecdn.net/hkVD7oJPCfdmpHB8Ssqc7U-1920-80.jpg,,"Scientists in China have developed a first-of-its-kind artificial imaging system inspired by snakes that are able to ""see"" heat coming off their prey in total darkness. The sensor captures ultra-high… [+3869 chars]",,"Das umwerfende „Wärmebild“ von Snakes inspiriert Wissenschaftler dazu, ein 4K-Bildgebungssystem zu entwickeln, das eines Tages in Ihr Smartphone passen könnte. Das menschliche Auge kann nur Wellenlängen im sichtbaren Lichtbereich erkennen, aber ein neues Bildgebungssystem wird es uns ermöglichen, Infrarotstrahlung mithilfe von Smartphones zu „sehen“.","Snakes' mind-bending 'heat vision' inspires scientists to build a 4K imaging system that could one day fit into your smartphone. The human eye can only detect wavelengths in the visible light range, but a new imaging system will let us ""see"" infrared radiation using smartphones.","Angues mens flexionis visionis caloris inspirat phisicis ad fabricandum systema imaginandi 4K, quod uno die apta in tua Mauris quis felis potuit. Humanus oculus nonnisi aequalitates in lumine visibili deprehendere potest, sed nova ratio imaginandi ""videbimus"" radiorum ultrarubrum utentes Suspendisse potenti.",2025-12-18 13:25:50+00:00
00505b2c8330cb439bf43e2a41e693fc,2025-12-17T00:00:15Z,'+heat stroke',www.makeuseof.com,en,0.3,I lowered my home heating bill by 50% with this DIY insulation kit,A DIY insulation kit and a few other items were all I needed to drastically reduce my home's heat loss.,https://www.makeuseof.com/lowered-home-heating-bill-with-diy-insulation-kit/,https://static0.makeuseofimages.com/wordpress/wp-content/uploads/wm/2025/12/reflective-garage-door-insulation-kit-with-adhesive-and-weatherstripping.jpg?w=1600&h=900&fit=crop,,"Living in Northern Indiana means dealing with temperature extremesbelow-zero winters and 100°F+ summers. For homes with attached garages, those big overhead doors become the weakest link in your home… [+7727 chars]",,"Mit diesem DIY-Isolierset habe ich meine Heizkostenrechnung um 50 % gesenkt. Ein DIY-Isolierset und ein paar andere Dinge waren alles, was ich brauchte, um den Wärmeverlust meines Hauses drastisch zu reduzieren.",I lowered my home heating bill by 50% with this DIY insulation kit. A DIY insulation kit and a few other items were all I needed to drastically reduce my home's heat loss.,Demisi domum meam calefactionem libellum per 50% cum hoc DIY ornamentum insulationis. A DIY ornamentum insulationis et nonnullae aliae res erant mihi necessariae ad calamitatem caloris domus meae ASPERITER reducere.,2025-12-18 19:01:07+00:00
75f24205d7437caefc8993886a34fa46,2025-12-17T14:33:40Z,'+heat stroke',www.jezebel.com,en,0.3,More and More Americans Can't Afford to Heat Their Homes in a Brutal Winter,"With average heating costs rising almost 10% in the U.S. this winter, utility shut-offs are projected to dangerously surge as well.",https://www.jezebel.com/heating-cost-rising-electricity-natural-gas-affordability-power-usage-ai-data-centers-shut-offs,https://img.pastemagazine.com/wp-content/juploads/2025/12/thermostat-generic-unsplash-main.jpg,,"Much ink has been spilled since the beginning of the second Donald Trump administration on the sharply rising costs of electricity and utilities, a visible element of a swelling affordability crisis … [+5954 chars]",,"Immer mehr Amerikaner können es sich in einem harten Winter nicht leisten, ihre Häuser zu heizen. Da die durchschnittlichen Heizkosten in den USA in diesem Winter um fast 10 % steigen, ist mit einem gefährlichen Anstieg der Stromausfälle zu rechnen.","More and More Americans Can't Afford to Heat Their Homes in a Brutal Winter. With average heating costs rising almost 10% in the U.S. this winter, utility shut-offs are projected to dangerously surge as well.","Plures et More Americani domos suas calefacere in bruta hieme praestare non possunt. Cum mediocris calefactionis sumptibus fere 10% in Americae hac hieme orientibus, utilitas inclusa periculose quoque fluctui proiiciuntur.",2025-12-18 19:01:07+00:00
