day,sentiment_mean,sentiment_std,subjectivity_mean,subjectivity_std,counting
2025-10-02,-0.5051181944579588,1.0,-1.5235904280895192,1.0,1.0
2025-10-07,-0.827335412845511,1.0,0.9127124171017835,1.0,1.0
2025-10-09,0.184678809722755,0.9121461995275595,0.5129087557909825,1.2057749337300236,4.0
2025-10-10,0.04522361190983781,1.0082231936474324,-0.380293750818041,1.1573466093652596,6.0
2025-10-11,0.8316036701448214,0.4952250310590277,-0.35469737598108847,0.48707679180191327,3.0
2025-10-12,-0.1546529800007126,0.7865611533533191,-0.13868118106595936,0.9168905378049349,5.0
2025-10-13,-0.16333689477649868,0.9081021900757751,0.12915702394705023,0.7139198764472646,13.0
2025-10-14,0.01613161647156385,0.9422107281013233,-0.11874390867695808,1.1181851644823646,10.0
2025-10-15,-0.059872257940336834,1.1727926842109206,0.04044840732411884,0.7007361276597971,13.0
2025-10-16,-0.2920132117638187,0.9808286408475202,0.2759920181158949,0.4596454966961354,16.0
2025-10-17,0.18063668140506556,0.8165149396132367,0.21274425167111033,0.9001536402044038,15.0
2025-10-18,-0.5061458997790655,0.8594694240731438,0.6090228932555181,0.9502657956831356,7.0
2025-10-19,0.34983664359254774,1.0267594691653728,0.4388345844546267,0.9784459723759177,11.0
2025-10-20,0.6786850102853258,0.9369945385186522,0.18085536239909625,0.7729959197623937,15.0
2025-10-21,0.3698324480891539,1.253611991939466,0.3126775761248962,0.6444125674995577,10.0
2025-10-22,0.10628474451336582,1.0260199313847034,0.14980096399423348,0.9556409826750848,9.0
2025-10-23,-0.2929046351144225,0.8109171910616326,0.1783073040207359,0.9065994888970816,15.0
2025-10-24,-0.15105732128208121,0.7898944614732382,-0.17224796865893408,1.2435741066899673,10.0
2025-10-25,-0.031391443367654794,0.7775577429485034,-0.11287758101135346,0.6915805650791004,7.0
2025-10-26,-1.3890933106838006,0.761483740798584,-0.41718634346651995,0.9956329982901418,6.0
2025-10-27,0.3884293888174427,1.4875038566109335,0.2975525012569856,1.2248747262848396,8.0
2025-10-28,-0.14283697688999794,0.916959330575047,0.26175389301393426,0.7190346092243405,17.0
2025-10-29,-0.14292635532224693,1.0061833359555967,0.2151040689734658,0.7220437880358069,17.0
2025-10-30,0.06560304582422692,0.7598769224210967,-0.026915689868069154,1.1630515752003017,12.0
2025-10-31,-0.2620665950402246,0.6704201448017572,-0.07507158331400325,0.843629413522006,14.0
2025-11-01,0.1603336349424889,1.0007511831192113,0.05435677759981841,0.5568675262067502,13.0
2025-11-02,-0.1258591707264679,0.7931662952423149,-0.33636487511652413,0.8489734778716989,13.0
2025-11-03,0.3388905778446938,0.6434577394997028,0.2347602546114657,0.8392324129499411,26.0
2025-11-04,-0.34981712449700825,0.6574308272899564,-0.19616590623447341,0.9369392284459432,15.0
2025-11-05,0.250910725474286,0.7834697568297658,0.40336668399258785,0.8963820135014154,24.0
2025-11-06,-0.06729228739743413,0.6758416073406149,0.3143915328986846,0.6696121523712059,19.0
2025-11-07,-0.0325216817450047,0.9228558897271006,0.19242258151598163,0.9347911215900606,20.0
2025-11-08,0.31301806652526176,0.4249402537056791,-0.02814145065332163,0.6826162727790057,10.0
2025-11-09,0.22861474230790738,0.8101954709979994,-0.28431228314923396,0.8261523276650868,17.0
2025-11-10,0.042283122831346706,0.8285399031548861,-0.07590645331453162,0.8229975191558773,27.0
2025-11-11,-0.28258013825154854,0.8797079559646028,-0.29644551223620363,0.9490624699316899,7.0
2025-11-12,-0.1138773262745667,0.610138552056046,-0.26381978939721024,0.657648713510093,6.0
2025-11-16,-0.5287891013655087,1.0,-0.06883985109441834,1.0,1.0
2025-11-17,-0.03781781497731562,0.7583083391046925,0.4484616948815279,0.5095767220679711,3.0
2025-11-18,0.03111111111111111,1.0,0.3111111111111111,1.0,1.0
2025-11-19,0.13727272727272727,1.0,0.4704545454545454,1.0,1.0
2025-11-20,-0.6887245427889046,0.5358578869356616,0.6454156224563278,0.7187331199309104,2.0
2025-11-21,0.12208996589590432,0.6028852730996994,0.1552893854038286,0.23787700741471307,2.0
2025-11-23,0.860010185215448,1.0,-0.20783940413113802,1.0,1.0
2025-11-24,0.5544507100914786,0.5846711139443699,0.323956696912914,0.7977244815172582,3.0
2025-11-25,-0.16022491006004705,1.1708792796278011,0.4709164735129115,1.189524765496976,3.0
2025-11-26,0.1939827539330946,1.3493117556970569,0.20416651170706698,0.6115968208717455,4.0
2025-11-27,-0.03606478006675512,0.5263236019144478,0.11779138176717739,0.6727455784292604,4.0
2025-11-28,-0.696754551474622,0.9836094141014207,0.811474093548341,0.9148395320199899,4.0
2025-11-29,-0.421076211646997,1.0,-0.03475390330697814,1.0491494414021316,2.0
2025-11-30,0.42098949316333756,1.0,-1.3972770515459907,1.0,1.0
2025-12-01,-0.12570226039551638,0.5106353029288004,0.03207551738226191,0.6437874628575381,3.0
2025-12-02,0.13013942005277504,0.8020397696590497,-0.28736136514521815,1.5028190794286291,3.0
2025-12-03,-0.39971247590335246,0.16838114368309764,-1.0362508882366988,3.1947984442947854,2.0
2025-12-04,0.22418503761545538,1.0099844164722873,0.5213420471053298,0.8404401249348704,4.0
2025-12-05,0.4698915097612375,0.5494663241231224,0.48733695986833553,0.8588342608841225,8.0
2025-12-06,0.0440730953502314,0.7793291818042462,-0.47644535147597705,0.7152390781597764,6.0
2025-12-07,0.028565761853104,0.7349854198957042,0.21189638195653254,1.0361457017828901,2.0
2025-12-08,0.019177363120569373,1.0001602290236484,0.8434188510066081,0.4350405540140016,3.0
2025-12-09,0.41490763990375806,1.268010673577768,0.2397693359796166,0.5934303506690211,6.0
2025-12-10,-0.447719428029038,0.8220544733446504,-0.5108913994640863,0.9895105591265649,8.0
2025-12-11,1.0172781253823513,0.14155742287054313,0.0681742307613672,0.2576926016105503,2.0
2025-12-12,0.5406487617969481,0.5681742610838683,0.1878009685221278,0.5373683570365949,2.0
2025-12-13,-0.2190289838592411,1.2843406468055083,0.5644157925593121,0.7605422744334699,5.0
2025-12-14,0.0326285497398456,1.3189937559592926,0.7509609947131781,0.885038095123731,3.0
2025-12-15,0.38280552645033655,0.331846178499616,-0.5100245900792638,0.4853618830413823,4.0
2025-12-16,0.6146559952596541,1.1670636244168413,0.9899254153544038,0.8931730900582142,11.0
2025-12-17,0.11651024586229433,1.2059192185090981,-0.3620752199714614,0.7254800558699478,8.0
2025-12-18,0.32629154311958086,0.6605607362218272,-0.4431458802551457,0.9185348351392256,7.0
2025-12-19,-0.6622456549970356,1.090521993940893,-0.12516754948616815,0.8820820360293934,4.0
2025-12-20,0.48519552439134606,0.3736777650288772,0.19075324422083556,0.34958510475581883,4.0
2025-12-21,0.5861940814231081,0.6370401345060585,-0.5965171116316508,0.3248922865833854,2.0
2025-12-22,0.13178828395965025,0.8879610347559816,0.06730770927337633,0.6877175668659602,8.0
2025-12-23,0.025135393103927952,0.7769860543905832,0.08675682937897329,0.7365229791367236,8.0
2025-12-24,-0.03427505362575404,1.179274898063041,-0.1522354482134044,0.8723088400022229,9.0
2025-12-25,-0.15930625698668793,0.3298859472519779,-0.6886877560036773,1.5749923287892589,2.0
2025-12-26,-0.10998813822625919,1.2756112949356018,-0.12489135571661508,0.9266683453372252,6.0
2025-12-27,-0.28579742723428614,0.9487003329950928,0.45341225009922986,0.6331430670236473,4.0
2025-12-29,-0.18966170970132315,0.5703162939070135,-0.2518809569465117,0.6520416679219572,8.0
2025-12-30,0.7235452712604507,0.6639175205731811,0.04039099771231654,0.7896599008747875,4.0
2025-12-31,0.1397782319450759,0.9137767257191525,0.13620912833701118,0.8394578375133821,6.0
2026-01-01,1.3043617767105535,1.0,-0.6825155965605298,1.0,1.0
2026-01-02,0.7106103976468517,1.2439564242589622,-0.5280404141285282,1.291344210294503,3.0
2026-01-03,0.0732376773414847,0.8473631589494459,0.5207667699409145,0.37826825787425533,4.0
2026-01-04,-0.13025074847275012,1.0,-1.2713133664576062,1.0,1.0
2026-01-05,-0.21031453942870934,0.6516539862229858,0.0313528177761786,0.7898809254990939,4.0
2026-01-06,0.37619472920387736,0.9169537452907387,0.19110837704543948,0.7390168570885829,12.0
2026-01-07,-0.4595489371653046,0.9891216881289729,0.44058215325625566,0.8456551460819651,14.0
2026-01-08,-0.08325641543461537,1.332344141942408,0.34970607325282393,0.720977882265351,13.0
2026-01-09,0.19377397021562912,0.8795547670161133,0.5068523802144644,0.7946363647213615,11.0
2026-01-10,0.17702127881865184,0.7635827664232689,0.8293296058432786,1.3152767092543176,3.0
2026-01-11,-1.1282855745137124,1.0,-0.0047618642700337915,1.0,1.0
2026-01-12,-0.1462167014193837,0.9552911355316669,0.01144557478533393,0.3931695034652736,4.0
2026-01-13,0.038607787145621686,0.7403545950484403,-0.11780703966337003,1.5969197469143612,4.0
2026-01-14,0.04492768538108173,1.3015036476143196,-0.72759785019253,0.6823663031171273,10.0
2026-01-15,-0.30829884880322356,1.3788450637348988,0.8206855411554373,0.8928436973302358,7.0
2026-01-16,0.19356143536613896,0.785325748958838,0.595173881099067,0.8064140509829985,4.0
2026-01-17,0.31831973305493844,0.7311059760338232,-0.6982248149082411,0.6922456231982306,5.0
2026-01-18,-0.06683302923786652,0.44852829415631285,-0.06467045496186818,1.2097826169052297,7.0
2026-01-19,0.124063823707251,0.9729353076022967,-0.3431927527134084,0.9635815325443486,6.0
2026-01-20,-0.0154469732688611,0.7961207163697145,0.04780142823842602,0.6557895604982589,7.0
2026-01-21,-0.39721467811088146,0.724469041797617,0.5053669662072073,1.4079763755713777,5.0
2026-01-22,0.07571637492406709,1.1100520655495518,0.14659870501441488,1.0700056124463102,11.0
2026-01-23,0.11685150278643232,0.8405267000140241,-0.35571730425110365,0.6603191974995302,17.0
2026-01-24,-0.23055809210082445,0.5848399519331581,-0.2733584116406369,0.7518187622572288,11.0
2026-01-25,-0.036765316337685774,0.6729153943374592,0.10736026841895219,1.0558606873740604,8.0
2026-01-26,-0.22945201001543675,0.8149320915262454,-0.1598205233056901,0.7949739216298619,15.0
2026-01-27,-0.0396460600477141,0.8909678465225775,0.010112878635322316,0.9961778418991379,22.0
2026-01-28,-0.9856106919436824,1.3984258624218562,-0.615218670084365,0.40299354063886134,5.0
2026-01-29,0.004399057607292737,0.7918190252183497,-0.3226610740802053,0.931627648290235,6.0
2026-01-30,-0.035544438140605185,0.8213230495448763,-0.3987589738351832,0.57792353921025,5.0
2026-01-31,0.5199701943173799,0.8692937396952656,0.33923844861014163,0.6056110820428763,6.0
2026-02-01,0.18912509119703783,0.697502221770616,-0.27480263182281905,0.7415303267685582,7.0
2026-02-02,0.22528435351962348,0.5096425524617227,0.4949354812098126,0.5174525026489007,6.0
2026-02-03,-0.39136375837293175,0.7862272860365132,-0.017761966097224136,1.2915668477561206,3.0
2026-02-04,-0.32716210106522414,1.0789436887822181,-0.17967361353562245,0.837635548340907,11.0
2026-02-05,0.33571428571428574,1.0,0.619047619047619,1.0,1.0
2026-02-06,-0.35040890000892055,0.9340239330729089,0.5775412143398294,0.8406381680234146,9.0
2026-02-07,-0.7705370571791202,0.3194402990487693,0.7436042485173973,0.3202575917489475,2.0
2026-02-08,-0.15386204995872924,1.0998913010676072,-0.5625902507217444,0.796214503862773,10.0
2026-02-09,-0.01812428279041373,0.8969241420153188,-0.418296471262201,1.624478371841431,11.0
2026-02-10,0.11267209913969625,0.6090473476561482,-0.2926690072983025,0.748675679056412,4.0
2026-02-11,0.4357797235102553,0.5719107600796113,-0.018660384798790064,0.9622408105134994,5.0
2026-02-12,-0.17328698168051218,1.0249764102532637,-0.09601462202570515,0.7108561097899244,6.0
2026-02-13,0.26365243354270523,1.20715545093275,0.05852724029846688,0.9856598119597035,10.0
2026-02-14,0.06242239508392089,0.9117214022765073,-1.1312343753616951,0.599806995859164,2.0
2026-02-15,-0.11042438601000765,1.1633286626700257,0.362865481991419,0.9145014401803254,4.0
2026-02-16,0.30676863298470364,0.5845612978103203,0.16009005465047638,1.0198414540917164,8.0
2026-02-17,-0.2661429275999714,0.7366712366584658,-0.38017019644831024,1.000197119253908,8.0
2026-02-18,0.051889582582484495,0.7406512770943994,-0.24107973875578814,0.6202165067045223,7.0
2026-02-19,0.3394231399324191,0.868204190182902,-0.11030800927827637,0.5062395049177654,7.0
2026-02-20,1.30477335024351,0.7192839662059085,0.141274238279566,0.29063787887977943,3.0
2026-02-21,0.000919484740054044,0.5594167551904627,0.2524858245490116,0.3640342230625865,6.0
2026-02-22,0.05155093262909686,0.6438272817130679,0.012795585313253643,0.7504178812998278,3.0
2026-02-23,0.173925910923343,0.4978858103631235,0.15400511011224538,0.42766206535794765,6.0
2026-02-24,-0.009234605100991682,0.6845277151771321,0.04606712530742445,0.8070184633700526,7.0
2026-02-25,0.09949400676164814,0.5978929808628819,-0.25919628168507564,1.0669531608918577,11.0
2026-02-26,-0.38001777642784257,0.9621797158212375,0.7405032551691327,0.9764538554292924,5.0
2026-02-27,0.20493515590043423,0.8338425987612031,-0.18536802312607709,0.39643010026985515,2.0
2026-02-28,1.1914526293910388,1.0,-0.4358915773724851,1.0,1.0
2026-03-01,-0.8337571086038083,0.36897406295469837,0.5805245093891771,1.7573654388941329,2.0
2026-03-02,0.12700308832406657,0.8220068207202375,0.23659913275984604,0.8607754203419663,6.0
2026-03-03,0.26940889681913344,0.7952673443718093,0.035479091147395135,1.1723424591337557,6.0
2026-03-04,0.34518299191528445,0.9448055427834461,-0.45580189394695836,0.8415009387832534,9.0
2026-03-05,-0.7998707079868533,0.622865400403249,-0.13745136523196974,0.42075774444327174,3.0
2026-03-06,0.21789317809999795,0.7916995367720308,0.122513551524269,0.6317919890050697,11.0
2026-03-08,0.6557303946986229,1.0,-0.8459078157223344,1.0,1.0
2026-03-09,0.13553970809728777,0.5448388364394012,-0.02130773862628489,0.8495422061514,8.0
2026-03-10,-0.030869782236426654,0.6923860033684267,0.12157953197427673,0.6293015469389698,8.0
2026-03-11,0.22804955659140363,0.7857433406537524,0.05272269358230715,0.883706947255178,10.0
2026-03-12,-0.012711515757823552,0.7647594081804083,-0.1771914898987252,1.1014643991516253,12.0
2026-03-13,-0.6813465211405534,1.2139180221081995,-0.38467848948856714,1.305304244977684,6.0
2026-03-14,-0.5861755459477095,1.4476646604079595,-0.07824447960524707,0.1529154065654452,3.0
2026-03-15,0.1769677036468611,0.9941625670060389,0.48722830031097064,0.6173479400533355,8.0
2026-03-16,-0.040126573108769444,0.726189746542607,0.08121426191774042,0.6663245538955118,11.0
2026-03-17,-0.3770775914797312,0.8552745875568113,0.1530390642679185,0.7410007504394421,11.0
2026-03-18,0.40803826428498335,1.0996447066936592,-0.009563417615798738,0.9791654653889119,13.0
2026-03-19,-0.40464289910380213,0.8645603698872565,-0.1997112171340877,0.9404452715441101,15.0
2026-03-20,0.0706752432181129,0.7156346793632243,-0.084796781020227,1.1935616551492358,18.0
2026-03-21,-0.15193794319449483,1.0724167722129028,0.4565547426749863,0.5993622779838801,6.0
2026-03-22,-0.26229738614074954,0.6278550150490503,-0.29582770770212413,0.40483879810991763,3.0
2026-03-23,-0.3684457367387169,0.4397377834588085,-0.5403283834332993,1.2240595562866392,5.0
2026-03-24,0.0941514593813384,1.1582658194394455,-0.27478058827935675,0.7624746400396059,6.0
2026-03-25,-0.6550247535645125,1.0,-1.1793532853548054,1.0,1.0
2026-03-26,0.2139856818738432,0.5937126836936866,0.17033141047887446,1.0212224279177866,7.0
2026-03-27,0.08174084928011068,0.34939133060441335,0.14745782170453872,1.0229221523361645,4.0
2026-03-28,0.9123361668711645,1.0,0.7055643085705487,1.0,1.0
2026-03-29,0.8020292726522564,0.9147112245794483,0.5003139473356841,0.32262718689448183,3.0
2026-03-30,0.2260803994846068,0.5989105562207665,-0.23385802730201924,1.3659377541248692,4.0
2026-03-31,0.8229647205452189,0.9637436958988495,0.0596248756847958,1.085477312966474,5.0
2026-04-01,-0.22361349689509602,0.24813515826228147,-0.10271528692242393,0.7262333447796856,4.0
2026-04-02,0.862349367686307,0.7699144685426651,-0.11658145024134511,0.6122704229559717,10.0
2026-04-03,0.35951704545454544,0.3272377689070699,0.4697443181818182,0.2356352995260854,2.0
2026-04-04,0.5399936891934664,0.8341763260201104,0.025369365551122347,1.0620451145259204,4.0
2026-04-05,-0.5161264253331966,0.5807415687268228,1.0086097645276357,2.7481228100517257,2.0
2026-04-06,-0.2559139468970241,0.4444261190361756,0.6513905284581105,0.9180621033684814,5.0
2026-04-07,-0.4405257730951635,0.7165035888384825,-0.00745539828720901,0.5317772378910502,5.0
2026-04-08,-0.39890546364523183,0.7139027884987161,-0.1446316520107918,0.9475114310747327,5.0
2026-04-09,0.7426401576828725,0.8202644209743571,0.5806381120343772,0.577813361827817,7.0
2026-04-10,-0.1175906401417612,0.521062039410008,-0.39150787397576575,0.9922514539099031,7.0
2026-04-11,0.37647740057625045,0.98524646336731,-0.40915614592214405,0.4715272617124497,2.0
2026-04-12,-0.16966213105456893,0.5385751332645923,0.11496279211920012,0.6428756617855866,7.0
2026-04-13,-0.6664965177239941,1.7973253364116395,0.8436867307038479,0.38115326318423665,3.0
2026-04-14,-0.13737554569336763,0.7601592364465084,0.015021727276403985,0.8839668629012704,5.0
2026-04-15,-0.13074572219952815,0.9240824347867843,-0.20202134411912293,0.9643277835579432,9.0
2026-04-16,-0.40603626496042217,0.6599264986224325,0.39356561769090287,0.8483381158873219,8.0
2026-04-17,-0.49914497717700373,0.8552100316551761,-0.6314807602192773,1.116974326535878,6.0
2026-04-18,0.5721865519609778,1.3568036288516616,0.01680977566940399,0.21028562774693116,2.0
2026-04-19,-0.3505665952748572,1.6120751018049877,0.8802417156574057,0.3361290404059952,3.0
2026-04-20,0.07295974059069872,0.2632803944961539,-0.1465435698594053,0.7901157808809863,4.0
2026-04-21,-0.26378034538312783,0.6302006514677857,-0.37374100472234967,1.0860213792524205,11.0
2026-04-22,0.1948402572272982,0.5760193685406438,-0.7726798082081683,0.17591445261970642,7.0
2026-04-23,-0.2768452932678057,1.191132266124846,0.0804814248850215,1.1871283245056745,8.0
2026-04-24,0.08338147810535716,0.49794908211041355,-0.29229877017731937,0.7934867913689793,7.0
2026-04-25,0.04563164015592321,0.7049988075441,-0.34105312986375336,0.8291590074376457,13.0
2026-04-26,0.266455480043143,1.396126412353189,-0.6893402985542083,0.8709973516607894,7.0
2026-04-27,0.16406893999187475,1.0705224459741078,0.19421225109985224,0.97004286382858,14.0
2026-04-28,-0.08996916934774132,0.8388242244712748,0.11020089647557978,0.6184473800365579,21.0
2026-04-29,-0.2666396798216112,0.7890188884964211,0.3940185487851967,0.6907546715396627,9.0
2026-04-30,-0.004613681213701241,1.264521870516999,0.25643954383569945,0.5919391514265111,9.0
2026-05-01,0.1530923184042699,1.0717256482812654,0.3011872393999714,0.5932214898033734,10.0
2026-05-02,0.172564905340879,1.298596786020234,1.1494361234748822,1.0556011581739215,6.0
2026-05-03,-0.03263956526208591,0.4862651093755113,0.3535978463751313,0.8681779697559417,6.0
2026-05-04,0.013914200636423235,0.935112740749921,-0.3740648846394963,0.847024518785563,4.0
2026-05-05,0.27678415029128745,0.500549412530548,0.1985934724650392,1.2537115820398823,7.0
2026-05-06,0.19022281675962452,0.8402860366067063,-0.18962248899370526,0.37215279757064196,5.0
2026-05-07,-0.08015885800466105,0.9123297160357774,0.03509705784074857,1.4331299985279966,3.0
2026-05-08,0.2539367445839944,0.6715740966425277,0.34670961240618203,0.24365482828613133,5.0
2026-05-09,-0.48525480870790944,0.9521910724777162,-0.9406545527386891,0.21961725411503868,2.0
2026-05-10,0.06919014719908964,0.4993518704450119,-0.016714261191659308,0.6433478497158639,2.0
2026-05-11,0.07545857030223276,0.5641876759350083,0.16874626002630416,0.6761578317189606,17.0
2026-05-12,0.41025462821211867,0.6977274327903964,0.22468307638075452,0.5941780507958507,8.0
2026-05-13,-0.6467422587126685,0.8531221303941815,0.4091926789358317,0.6175170760459979,5.0
2026-05-14,-0.07624645062196005,0.9298490355040188,0.21186752998868394,1.4851929280680487,10.0
2026-05-15,0.32446274253934815,0.8774296264197485,-0.16123761949274334,0.5082201969744407,5.0
2026-05-16,0.024680685193858132,0.9923643880582866,-0.5526855733788946,0.4516105378875282,2.0
2026-05-17,0.9575996008975153,1.509398092367922,0.785631706880952,0.4071499889537957,3.0
2026-05-18,-0.21171436420733877,0.7902051118496423,-0.3955432956727909,0.8897360468103733,6.0
2026-05-19,0.24459150234370539,0.8297472759328268,0.10240204828091608,0.912414311121143,17.0
2026-05-20,-0.1615526082207117,0.6610177059529898,-0.024673970386185736,0.7538297396176498,17.0
2026-05-21,0.3954487409686811,0.9125760091856123,-0.21542338151547238,0.943552690287378,22.0
2026-05-22,0.3308061432429246,0.9642749042650836,0.2742570778428753,1.0878461049553863,29.0
2026-05-23,0.09736431956544667,0.5641760091669243,0.12533751235799226,0.8172654000341693,9.0
2026-05-24,0.21991704187838731,0.9550586404960615,-0.02365236051294142,0.8956123519118762,9.0
2026-05-25,-0.40314088909933227,1.0871242226749847,-0.052725789315513326,1.2229935134764012,19.0
2026-05-26,-0.040095967531416365,0.8468476364514149,-0.5963792061225412,0.8620940387191931,23.0
2026-05-27,0.12081610430287171,0.8983052080914764,-0.0018570447250164442,1.068008850822717,31.0
2026-05-28,0.15029081867466199,0.815753815269537,0.08578288332999569,0.9590608226010856,16.0
2026-05-29,0.08595884128522584,0.7144420577521851,-0.039584970061251556,0.6168056091469728,17.0
2026-05-30,-0.2692391284095559,1.418657925040184,0.37862295642131816,0.9300600372210885,6.0
2026-05-31,-0.003715235906308234,0.7747643848454675,0.07683314168402594,0.9132165757443934,8.0
2026-06-01,0.45896069226117625,0.6536599015782246,-0.12887073011422945,1.1931676345906077,9.0
2026-06-02,0.3505628889164993,0.9813917974980642,0.2964146799416702,1.5052728379957612,7.0
2026-06-03,-0.5993131265717582,1.5039426963721072,0.34306533800195615,1.0573324597349214,9.0
2026-06-04,0.3132720231165307,0.5401034116062445,-0.017705599122562317,0.7242615257004987,8.0
2026-06-05,0.318400438233461,0.7178776688443501,-0.21745884744957164,0.9908342340043221,15.0
2026-06-06,0.3094448861795467,0.5529664839143796,-0.26431468507904243,0.8158740220299444,9.0
2026-06-07,-0.34009330591656584,0.8846608583299501,0.5629419196091585,0.7433072245555302,4.0
2026-06-08,-0.18984671943698492,0.8221933853094586,0.008950941631882465,0.9686422211992098,11.0
2026-06-09,-0.3134106470855375,0.9604069652838928,0.7012400203902492,0.8280919698500186,7.0
2026-06-10,0.2630080652640482,0.730830624679768,0.31291713766436846,0.8471432220290318,14.0
2026-06-11,0.22564828464164574,0.8886865044525504,0.029167972627665177,0.7619623304223907,21.0
2026-06-12,-0.3283313976334937,0.8158384525159682,-0.3309584700799446,1.3056053683394084,9.0
2026-06-13,-0.1780261638978553,1.65347616170595,0.6102026943166399,1.2514502478689236,4.0
2026-06-14,0.16039685535579384,1.273769768825895,0.6595399413720016,0.9173810953420857,9.0
2026-06-15,0.03025095914295508,0.8806166021658421,0.7341967194042116,1.183837926918304,10.0
2026-06-16,0.914126482844268,0.7285142842447321,0.4055165569605862,0.43377824951508515,2.0
2026-06-17,0.042521778786301,1.1721736809533108,0.42559525653091645,0.6475883639162466,6.0
2026-06-18,0.31535234764768943,0.8494461350816358,0.47422518486159987,0.6679637313082647,9.0
2026-06-19,-0.34024822235787144,1.1715570638013655,-0.0647841560960519,1.1170782369318333,5.0
2026-06-20,-0.48171282077557054,1.5696972078173554,0.11111356847526682,1.456817831997698,8.0
2026-06-21,0.16760043270569622,0.6938446273060561,0.5092142863441588,1.1604487242172992,6.0
2026-06-22,-0.16495726944384698,1.0419754044959506,-0.15643570435580578,1.1281944913590345,20.0
2026-06-23,0.06165527755745347,0.7248110557525537,0.1513436296663054,0.9930471467129972,42.0
2026-06-24,-0.19904563386523985,1.0045505248023603,-0.1653891130168221,1.2402225120683723,33.0
2026-06-25,-0.6101006106888982,0.8822422919138663,-0.32379338009151043,1.0192378423704518,25.0
2026-06-26,-0.25390512247991937,0.8921316381768047,0.0030163397173720652,0.9123025590126097,42.0
2026-06-27,0.22694514766578877,0.9589641626786221,-0.25593355195041334,1.0376796207636687,15.0
2026-06-28,-0.31123949319022953,0.9847945048161525,-0.1301739177593988,1.1034724514844787,22.0
2026-06-29,-0.19574700625390162,0.7548845018605994,-0.18622008020680236,1.2048656069550416,35.0
2026-06-30,-0.044026260869172607,0.7629835334764411,0.26010191592564263,0.9636429732822166,24.0
2026-07-01,-0.118787732599928,0.8832780305631079,-0.026457666896356775,0.8731106275732654,27.0
2026-07-02,-0.08000747310132073,0.8034059281025716,0.20926184873437428,0.9611604614921824,41.0
2026-07-03,-0.45876412169614383,0.9434968973713878,0.2428316246432219,1.0062286177813888,42.0
2026-07-04,0.42769085783815974,1.3268562614772272,0.29318184204653297,1.0989699866565605,21.0
2026-07-05,0.16910008642138882,0.9627138890022698,-0.054544035406864096,0.6381919862483509,7.0
2026-07-06,0.06916440928384805,1.2213695764371897,-0.1373527504942976,0.838711397791767,24.0
2026-07-07,0.19541960476367054,0.9412198460001626,0.338169059038678,0.8654575765597627,15.0
2026-07-08,0.3967723245568131,0.8909077464377645,0.29322022645221063,0.7099891255455419,20.0
2026-07-09,0.04497365561167198,0.7474119599634114,0.11337407145293167,1.0514666465309075,13.0
2026-07-10,-0.0922030139823393,0.8515253135149089,0.021389005309417845,1.1094856257237762,26.0
2026-07-11,0.17604657942875426,1.0031800252187355,0.18223087638057683,0.6844620534223432,23.0
2026-07-12,-0.21246268410422897,0.9723754405712934,-0.1240957564700866,1.3223827643634007,5.0
2026-07-13,0.01596445379693429,1.101327433381518,-0.0011692264079209327,0.7876196166285868,23.0
2026-07-14,0.007395233098566788,0.6886500237894685,-0.06701231773089339,0.6710831044473242,19.0
2026-07-15,-0.15658350227875295,1.1829041189868148,0.03500373024845943,0.7522226386873234,8.0
2026-07-16,0.3799970626981476,0.5873336617624426,0.19725979262492455,0.6325011358452872,16.0
2026-07-17,0.23132728302214456,0.9671662497812635,-0.07461282214468684,0.8300822084591847,18.0
2026-07-18,-0.17073750495522833,0.3814856984079735,0.013443182051485692,1.2318779990643662,5.0
2026-07-19,0.24392775998221766,0.5616156945986324,-0.0677214045011821,1.0741667258866323,7.0
2026-07-20,0.0863966614251938,1.2892203801814177,0.23963160155458746,0.5453547976074943,13.0
2026-07-21,-0.06096171918623487,1.4134541485394734,0.7672898749660688,0.9615859457605663,11.0
2026-07-22,0.4743491749322812,0.9832168784264341,0.3554902344798636,0.7319160278102306,11.0
2026-07-23,-0.016764002770518132,0.7663197091655816,-0.08139612752836978,0.8108514752309176,12.0
2026-07-24,-0.506952739833577,0.6825986234186935,-0.6911361179855005,1.0023290485673857,7.0
2026-07-25,0.13688116598622388,0.9184664918879828,0.22364232971653564,0.9805130209074736,9.0
2026-07-26,0.18808265237730684,0.7691049411791905,-0.10561728324446906,0.9017216701822756,10.0
2026-07-27,0.16957953225709604,0.9037456386118308,0.2949227770867492,1.129600295625413,16.0
2026-07-28,0.179277100935671,0.7566945409514206,-0.039491399238931024,0.7968128491444594,11.0
2026-07-29,0.33242940477728034,0.7790962372535706,0.2907107929373661,0.8930459750969624,16.0
2026-07-30,-0.20359367561789696,1.019590618922577,-0.13739208088596302,0.8963069303877105,23.0
2026-07-31,0.019291516833329667,0.9153044175576597,-0.16246639807543867,0.9506760562430171,18.0
2026-08-01,-0.07059376108075911,1.0123960023571508,-0.110696869639414,0.9318347167053397,13.0
2026-08-02,0.1489926464214558,0.7787471450337049,-0.22340096925793554,0.9182320364242786,11.0
2026-08-03,-0.04503486498879751,1.0526211745899283,0.7431171612206648,1.0152037088815065,10.0
2026-08-04,-0.43034709813845884,0.7141619177503845,-0.08563255489563266,0.7056401748903036,8.0
2026-08-05,0.3560696243662894,1.4270056166329814,0.8501154457729889,0.8879998246921138,9.0
2026-08-06,0.11929496910290925,0.6170915763261243,-0.1826947307009188,0.6532007217035322,6.0
2026-08-07,-0.1398133552049814,0.7014720788566385,-0.1211811848435695,0.7090484895844454,6.0
2026-08-08,0.07184367315050366,0.9193250400509729,-0.8468984477371793,1.8134998851936643,2.0
2026-08-09,-2.233563616040217,1.0,1.5156032602527303,1.0,1.0
2026-08-10,-0.17992276542224578,0.6501588628552739,-0.019381338085161674,1.042649100614753,14.0
2026-08-11,0.31866047054388663,0.7456984800417558,-0.04587518426701506,1.0144169091952044,9.0
2026-08-12,0.12452205140276695,1.0122941394214027,-0.023121827505762263,0.5099248253347466,12.0
2026-08-13,0.48366952538849306,0.9191846028440566,0.3197301721977784,0.9052211665545409,19.0
2026-08-14,-0.09497245384634352,0.8048280293165451,-0.2844964066779203,1.0874927582060672,10.0
2026-08-15,-0.1171668547396203,0.9853305501913611,0.3635792679159565,0.3323163311866055,5.0
2026-08-16,-0.5115293585471764,1.0570496300837628,-0.3928686970539799,0.6896321930618947,7.0
2026-08-17,-0.006803624303480277,1.2659983377954962,-0.30461046453846186,1.2105290156750153,4.0
2026-08-18,-0.24894672663082318,1.6633616946662815,0.26264815054843277,0.8860772781876001,6.0
2026-08-19,-0.03279278843891045,1.0468269015390232,0.03035090731802509,0.7684825068948732,4.0
2026-08-20,-0.2511835175254106,0.47418854546024053,0.1902707991000914,0.26860771250512505,6.0
2026-08-21,0.12894860199866925,1.097780230632195,0.11289929754608324,0.6261694356185946,8.0
2026-08-22,-1.603764382697728,1.0,-0.24666299589700094,1.0,1.0
2026-08-23,0.13686941358099405,0.8030422022714669,-0.5992027394876711,0.46286091099695903,5.0
2026-08-24,-0.4244201619171981,1.5227485056624128,0.04004210637080539,0.6198998201783813,11.0
2026-08-25,-0.3203311890127458,1.0,-0.04957613700385567,1.0,1.0
2026-08-26,0.667626442815557,1.9527244003230544,-0.4217616406652267,0.8162246656557919,2.0
2026-08-27,-0.20405179466552018,0.510483888623634,-0.4374900429814405,0.7848505925033642,6.0
2026-08-28,1.3868584961911783,1.0,-0.20359127265970572,1.0,1.0
2026-08-31,-0.21674419230179173,0.750432506581933,-0.2116290609190834,0.595466765638428,7.0
2026-09-01,-0.2765388470636746,0.534550283968369,0.2192116480051213,0.9074334530367142,5.0
2026-09-02,-0.62340408125488,1.1957685547340962,-1.5532881496684108,0.9422687323277872,5.0
2026-09-03,-0.2851967983321027,0.29929695209353224,-0.439684097111346,0.5509055464914582,2.0
2026-09-04,0.4594779015805947,0.8532041916995458,0.5792758554365482,0.9217984442336834,16.0
2026-09-05,0.5458520657397528,1.0,0.25691620077341853,1.0,1.0
2026-09-06,0.4288995393070804,0.2409345389844204,0.14116848790380387,0.7346279324343249,3.0
2026-09-07,-0.8605725199885836,1.1188857904919771,0.09160491115566399,0.37219071440442747,2.0
2026-09-08,0.07244392431750923,1.0339279543104947,0.3712813904024634,0.011621535706167562,2.0
