,phrase,label,sentiment,subjectivity,language,count
IMD,IMD,ORG,0.10035742174146167,0.6155962006959513,en,40.099999999999994
Trump,Trump,ORG,0.12440503940503934,0.5034933015702242,en,19.500000000000014
AP,AP,ORG,0.1337723174261635,0.7749459514844125,en,16.90000000000001
The India Meteorological Department,The India Meteorological Department,ORG,0.17102617079889804,0.3737741046831955,en,11.000000000000002
AC,AC,ORG,0.010519547325102886,0.8010810948310946,en,10.800000000000002
Amazon,Amazon,ORG,0.26560651870175683,0.8922942577704485,en,10.5
the India Meteorological Department,the India Meteorological Department,ORG,0.10456438500992955,0.6508293686511507,en,10.100000000000001
the IAB Transparency &amp,the IAB Transparency &amp,ORG,-0.125,0.47656250000000006,en,9.6
"Bennett, Coleman &amp;","Bennett, Coleman &amp;",ORG,0.04045893719806763,0.10960144927536232,en,9.2
NASA,NASA,ORG,0.150561797752809,0.45393258426966293,en,8.9
Times Syndication Service,Times Syndication Service,ORG,0.0,0.0,en,8.399999999999999
UN,UN,ORG,0.22510438026885393,0.8245260879471407,en,7.6
EU,EU,ORG,0.307449494949495,0.6276094276094277,en,7.199999999999998
The Independent,The Independent,ORG,0.1425654056088839,0.570349718719284,en,6.8999999999999995
Big Tech,Big Tech,ORG,0.1425654056088839,0.570349718719284,en,6.8999999999999995
El Niño,El Niño,ORG,0.25434027777777785,0.8439670138888891,en,6.399999999999999
Netflix,Netflix,ORG,-0.023729357062690425,0.6010020843354178,en,6.3
Sun,Sun,ORG,0.12552910052910057,0.6610449735449736,en,5.999999999999999
Bloomberg,Bloomberg,ORG,0.06534927194018104,0.5403128689492326,en,5.499999999999999
NBA,NBA,ORG,-0.20380892255892255,0.3831369248035914,en,5.4
Starbucks,Starbucks,ORG,0.19230769230769235,0.26098901098901106,en,5.199999999999999
SoCal,SoCal,ORG,-0.009333333333333338,0.364,en,5.0
Disney World,Disney World,ORG,0.7967004225932794,2.15944264069264,en,4.900000000000001
AI,AI,ORG,0.30261065465147113,0.781782843007333,en,4.899999999999999
Google,Google,ORG,0.24869791666666674,0.5716145833333335,en,4.799999999999999
Climate Central,Climate Central,ORG,-0.04899538866930172,0.286231884057971,en,4.6
&amp,&amp,ORG,-0.06395348837209303,0.5697674418604654,en,4.299999999999999
the Bureau of Meteorology,the Bureau of Meteorology,ORG,0.03571428571428572,0.20238095238095238,en,4.2
Nike,Nike,ORG,0.15909090909090906,0.33259423503325936,en,4.1000000000000005
Nat,Nat,ORG,-0.0777439024390244,0.16463414634146345,en,4.1
Senate,Senate,ORG,0.0761904761904762,0.4369047619047619,en,4.0
Yale Climate Connections,Yale Climate Connections,ORG,0.060810810810810814,0.48648648648648646,en,3.7
Banda,Banda,ORG,0.06983688233688232,0.2640083265083265,en,3.7
Met Office,Met Office,ORG,-0.028571428571428574,0.14285714285714285,en,3.5
Fed,Fed,ORG,0.1345413165266106,0.407563025210084,en,3.4000000000000004
The Department of Hydrology and Meteorology,The Department of Hydrology and Meteorology,ORG,0.04149159663865547,0.4008228291316526,en,3.4000000000000004
The Bureau of Meteorology,The Bureau of Meteorology,ORG,0.058823529411764705,0.11085972850678731,en,3.4000000000000004
BOM,BOM,ORG,0.05955882352941176,0.058823529411764705,en,3.4000000000000004
NSW,NSW,ORG,-0.029411764705882353,0.7982026143790851,en,3.3999999999999995
American Airlines,American Airlines,ORG,0.3511029411764707,0.8069852941176472,en,3.3999999999999995
CBS Interactive Inc. All,CBS Interactive Inc. All,ORG,0.0,0.0,en,3.3
EPA,EPA,ORG,0.16666666666666666,0.48989898989898994,en,3.3
New York Times,New York Times,ORG,-0.0009740259740259713,0.5275568181818181,en,3.2
GW,GW,ORG,-0.0006534090909090812,0.39667613636363636,en,3.2
Atmospheric Administration,Atmospheric Administration,ORG,-0.06956845238095238,0.39546130952380953,en,3.1999999999999997
Bengaluru,Bengaluru,ORG,0.32421875000000006,0.7630208333333334,en,3.1999999999999997
the Miami Heat,the Miami Heat,ORG,-0.2847222222222221,0.870833333333333,en,3.000000000000001
AQI,AQI,ORG,-0.01250000000000002,0.625,en,3.0
CNN,CNN,ORG,-0.07993730407523511,0.1128526645768025,en,2.9000000000000004
NPR,NPR,ORG,0.05172413793103449,0.5258620689655172,en,2.9
"Getty Images
","Getty Images
",ORG,0.03761288998357964,0.5418719211822661,en,2.9
Heatwaves,Heatwaves,ORG,0.10044642857142858,0.20758928571428575,en,2.8
Disney,Disney,ORG,0.22222222222222215,1.2716049382716046,en,2.7000000000000006
Reuters,Reuters,ORG,0.0537037037037037,0.5342592592592593,en,2.6999999999999997
Honda,Honda,ORG,0.4716117216117214,1.5631868131868123,en,2.6000000000000014
Microplastics,Microplastics,ORG,0.14860139860139857,0.1748251748251748,en,2.6000000000000005
NWS,NWS,ORG,0.12692307692307692,0.0,en,2.6
Nottingham Forest,Nottingham Forest,ORG,0.25320512820512814,0.3557692307692307,en,2.6
KUALA LUMPUR,KUALA LUMPUR,ORG,0.20192307692307687,0.21153846153846154,en,2.6
The National Weather Service,The National Weather Service,ORG,0.0,0.0,en,2.6
The Met Office,The Met Office,ORG,-0.07692307692307691,0.10256410256410256,en,2.6
Akola,Akola,ORG,-0.024038461538461536,0.07211538461538461,en,2.6
the Department of Hydrology and Meteorology,the Department of Hydrology and Meteorology,ORG,-0.026442307692307692,0.2932692307692307,en,2.6
Associated Press,Associated Press,ORG,-0.12820512820512822,0.3589743589743589,en,2.6
ICEPLATE,ICEPLATE,ORG,0.0,0.0,en,2.6
Lionsgate,Lionsgate,ORG,0.05448717948717948,0.10897435897435896,en,2.6
The UK Health Security Agency,The UK Health Security Agency,ORG,0.0,0.03205128205128205,en,2.6
Health Dept,Health Dept,ORG,0.5769230769230769,0.3846153846153846,en,2.6
Bank Holiday,Bank Holiday,ORG,0.0,0.0,en,2.6
the Met Office,the Met Office,ORG,0.4384615384615385,0.5269230769230769,en,2.6
AP News,AP News,ORG,-0.02,0.16,en,2.5
Samsung,Samsung,ORG,0.6715151515151515,0.3006060606060606,en,2.5
NBC,NBC,ORG,0.12303030303030302,0.7263636363636363,en,2.5
Chadster,Chadster,ORG,-0.9056156806156802,2.7759176587301573,en,2.4000000000000012
IndieWire,IndieWire,ORG,0.3902777777777777,0.5208333333333333,en,2.4000000000000004
FIFA,FIFA,ORG,0.2517361111111111,0.8819444444444443,en,2.4000000000000004
NFL,NFL,ORG,-0.171875,0.08506944444444445,en,2.4
LVFS,LVFS,ORG,0.05366161616161616,0.125,en,2.4
MetMalaysia,MetMalaysia,ORG,0.07291666666666667,0.19791666666666669,en,2.4
Union Pacific,Union Pacific,ORG,0.09722222222222222,0.375,en,2.4
CBS News,CBS News,ORG,0.2173913043478261,0.391304347826087,en,2.3
Greenland,Greenland,ORG,0.23760330578512392,0.858677685950413,en,2.2
the Copernicus Climate Change Service,the Copernicus Climate Change Service,ORG,0.028409090909090908,0.625,en,2.2
Science New Research,Science New Research,ORG,-0.2597402597402597,0.45454545454545453,en,2.1
Terai,Terai,ORG,0.0,0.0,en,2.1
BaerbelW,BaerbelW,ORG,0.17989417989417988,0.38888888888888884,en,2.1
Gurugram,Gurugram,ORG,0.0,0.0,en,2.1
Cold,Cold,ORG,-0.3474025974025974,0.5562770562770561,en,2.1
Truthout,Truthout,ORG,0.3611111111111111,0.38888888888888884,en,2.1
Adebayo,Adebayo,ORG,0.26190476190476186,0.47619047619047616,en,2.1
National Weather Service,National Weather Service,ORG,0.1020408163265306,0.2040816326530612,en,2.1
United,United,ORG,-0.023809523809523808,0.2857142857142857,en,2.1
White House,White House,ORG,0.22916666666666663,0.5,en,2.0
No Reserve,No Reserve,ORG,0.156641604010025,0.037593984962406,en,1.9000000000000008
NATO,NATO,ORG,0.46820175438596473,1.2368421052631573,en,1.9000000000000006
Scientific American’s,Scientific American’s,ORG,0.333652312599681,0.45311004784688996,en,1.9000000000000001
Papi Steak,Papi Steak,ORG,0.21052631578947367,0.15789473684210525,en,1.9000000000000001
Newsom,Newsom,ORG,0.13157894736842105,0.4473684210526316,en,1.9000000000000001
HGD,HGD,ORG,0.5463659147869673,0.4467418546365915,en,1.9000000000000001
India News,India News,ORG,0.03157894736842104,0.2824561403508771,en,1.9000000000000001
Arsenal,Arsenal,ORG,-0.14035087719298248,0.4298245614035087,en,1.9000000000000001
House,House,ORG,0.05263157894736842,0.10526315789473684,en,1.9000000000000001
Sea Otter,Sea Otter,ORG,0.56203007518797,1.2832080200501252,en,1.9000000000000001
SkS Weekly Climate Change & Global Warming,SkS Weekly Climate Change & Global Warming,ORG,0.0,0.0,en,1.9
BBC,BBC,ORG,0.0,0.05555555555555554,en,1.8000000000000007
the Sephora Savings Event,the Sephora Savings Event,ORG,0.0,0.0,en,1.8
Health Canada,Health Canada,ORG,0.3125,0.3125,en,1.8
NOAA,NOAA,ORG,0.0,0.05555555555555556,en,1.8
Crypto Briefing,Crypto Briefing,ORG,0.1736111111111111,0.37037037037037035,en,1.8
Labour,Labour,ORG,0.02777777777777777,0.36111111111111105,en,1.8
"the International Air-Conditioning, Heating, Refrigerating Exposition","the International Air-Conditioning, Heating, Refrigerating Exposition",ORG,0.0,0.0,en,1.8
WA,WA,ORG,0.14467592592592593,0.0,en,1.8
HVACR,HVACR,ORG,0.0,0.0,en,1.8
Futurism,Futurism,ORG,0.08796296296296295,0.18518518518518517,en,1.8
UNESCO World Heritage,UNESCO World Heritage,ORG,0.0,0.0,en,1.8
Southern Australia,Southern Australia,ORG,0.1222222222222222,0.22222222222222224,en,1.8
World News,World News,ORG,0.0,0.1111111111111111,en,1.8
Agnes Scott College,Agnes Scott College,ORG,-0.06944444444444445,0.0,en,1.8
the Anglotopia Podcast,the Anglotopia Podcast,ORG,0.16486291486291488,0.21194083694083693,en,1.8
Delhi Weather Forecast,Delhi Weather Forecast,ORG,-0.004629629629629631,0.20216049382716048,en,1.8
Allianz Trade,Allianz Trade,ORG,0.027777777777777783,0.2685185185185185,en,1.8
FDA,FDA,ORG,0.0,0.0,en,1.8
The Environmental Protection Agency,The Environmental Protection Agency,ORG,0.018518518518518517,0.3055555555555555,en,1.8
The Greyhound Bar &amp,The Greyhound Bar &amp,ORG,0.05555555555555556,0.1527777777777778,en,1.8
Tecoloy,Tecoloy,ORG,0.1111111111111111,0.3333333333333333,en,1.8
Tsatraphyllias,Tsatraphyllias,ORG,0.21258503401360546,0.22430083144368862,en,1.8
Mediagazer,Mediagazer,ORG,0.0,0.0,en,1.8
CBC,CBC,ORG,0.20833333333333331,0.0,en,1.8
Grill,Grill,ORG,0.05555555555555556,0.1527777777777778,en,1.8
HOMEPAGE,HOMEPAGE,ORG,-0.4861111111111111,0.0,en,1.8
NRL,NRL,ORG,0.0,0.05555555555555556,en,1.8
Clim,Clim,ORG,0.0,0.0,en,1.8
the US National Weather Service,the US National Weather Service,ORG,0.0,0.0,en,1.8
Chan School of Public Health,Chan School of Public Health,ORG,0.03787878787878787,0.1447811447811448,en,1.8
The Union Health Ministry,The Union Health Ministry,ORG,0.02777777777777777,0.3333333333333333,en,1.8
MAGA,MAGA,ORG,0.0119047619047619,0.24107142857142858,en,1.8
TCs,TCs,ORG,-0.13333333333333333,0.3111111111111111,en,1.8
Dehradun,Dehradun,ORG,0.08670033670033672,0.255050505050505,en,1.8
the Nigerian Meteorological Agency,the Nigerian Meteorological Agency,ORG,0.04282407407407408,0.3333333333333333,en,1.8
Kano,Kano,ORG,0.05555555555555556,0.2777777777777778,en,1.8
Town-Gown Partnership Focused on Climate Resilience,Town-Gown Partnership Focused on Climate Resilience,ORG,-0.06944444444444445,0.5555555555555556,en,1.8
Nerd Food,Nerd Food,ORG,0.17976641414141414,0.2525252525252525,en,1.8
Indias,Indias,ORG,-0.1388888888888889,0.2777777777777778,en,1.8
Irish Oscar,Irish Oscar,ORG,0.4907407407407407,0.20679012345679013,en,1.8
Yahoo,Yahoo,ORG,0.08888888888888889,0.29999999999999993,en,1.8
Working Group,Working Group,ORG,0.0,0.07936507936507936,en,1.8
Instagram,Instagram,ORG,0.12222222222222223,0.0,en,1.8
Sierra Nevada,Sierra Nevada,ORG,0.19444444444444442,0.0462962962962963,en,1.8
the National Interagency Coordination Center,the National Interagency Coordination Center,ORG,0.09722222222222224,0.20370370370370372,en,1.8
The Climate Justice Alliance,The Climate Justice Alliance,ORG,0.13117283950617284,0.08641975308641975,en,1.8
The National Disaster Risk Reduction and Management Authority,The National Disaster Risk Reduction and Management Authority,ORG,0.046296296296296294,0.3425925925925926,en,1.8
Wendy's,Wendy's,ORG,0.1388888888888889,0.23611111111111113,en,1.8
MCD,MCD,ORG,0.13510101010101008,0.3068181818181818,en,1.8
Kulith Kalan,Kulith Kalan,ORG,0.19444444444444442,0.0,en,1.8
the Sixth Assessment Report,the Sixth Assessment Report,ORG,0.0,0.07936507936507936,en,1.8
AFP,AFP,ORG,0.1388888888888889,0.25,en,1.8
the Intergovernmental Panel on Clim,the Intergovernmental Panel on Clim,ORG,-0.046296296296296294,0.07936507936507936,en,1.8
the Milano Cortina,the Milano Cortina,ORG,-0.2407407407407407,0.41666666666666663,en,1.8
New Tactics,New Tactics,ORG,-0.05303030303030303,0.40404040404040403,en,1.8
Lagos State,Lagos State,ORG,-0.023148148148148147,0.18518518518518517,en,1.8
The Lagos State Government,The Lagos State Government,ORG,0.39562289562289565,0.17676767676767677,en,1.8
Mattel,Mattel,ORG,0.5537317620650954,1.1224213029768586,en,1.7999999999999998
LifeStraw,LifeStraw,ORG,0.714285714285714,1.3109243697478987,en,1.7000000000000006
Participant Media,Participant Media,ORG,0.4411764705882353,0.29411764705882354,en,1.7
WHYY,WHYY,ORG,0.16666666666666666,0.23202614379084963,en,1.7
Noida,Noida,ORG,0.11764705882352942,0.3823529411764706,en,1.7
Defense/War,Defense/War,ORG,0.04175579322638146,0.18382352941176472,en,1.7
Labour Department Offers Courses and Public Talks on Heat Stroke Prevention and Occupational Health,Labour Department Offers Courses and Public Talks on Heat Stroke Prevention and Occupational Health,ORG,0.0411764705882353,0.03257918552036199,en,1.7
the Washington Post,the Washington Post,ORG,0.008753501400560222,0.19397759103641457,en,1.7
Lancet Countdown,Lancet Countdown,ORG,-0.029411764705882356,0.30294117647058827,en,1.7
the Environmental Protection Agency,the Environmental Protection Agency,ORG,0.12745098039215688,0.21568627450980393,en,1.7
Nature Climate Change,Nature Climate Change,ORG,-0.019257703081232497,0.22058823529411764,en,1.7
Disposable,Disposable,ORG,-0.14285714285714282,0.3277310924369748,en,1.7
Hopeless Records,Hopeless Records,ORG,0.0,0.0,en,1.7
Wall Infrared Space Heater,Wall Infrared Space Heater,ORG,-0.05882352941176471,0.11764705882352942,en,1.7
SMU,SMU,ORG,0.27941176470588236,0.40441176470588236,en,1.7
the Malaysian Meteorological Department,the Malaysian Meteorological Department,ORG,0.10294117647058823,0.27941176470588236,en,1.7
Level 2,Level 2,ORG,0.10294117647058823,0.27941176470588236,en,1.7
Deals LLC,Deals LLC,ORG,0.0,0.0,en,1.7
Amazon Services,Amazon Services,ORG,0.0,0.0,en,1.7
Feppo,Feppo,ORG,-0.03588935574229692,0.4411764705882353,en,1.7
NYT,NYT,ORG,-0.12929717341482044,0.3407181054239878,en,1.7
"Individual Packaging, Heat Prevention","Individual Packaging, Heat Prevention",ORG,-0.14285714285714282,0.3277310924369748,en,1.7
ZDNET,ZDNET,ORG,0.4166666666666665,0.9583333333333329,en,1.6000000000000005
Guardian,Guardian,ORG,0.3255208333333333,0.78125,en,1.6
Frappuccino,Frappuccino,ORG,-0.039772727272727286,0.0,en,1.6
EPCOT,EPCOT,ORG,0.29687499999999994,0.5625,en,1.6
Real Madrid,Real Madrid,ORG,0.19642857142857145,0.4136904761904762,en,1.6
Grist,Grist,ORG,0.0,0.625,en,1.6
ATP,ATP,ORG,0.010653409090909081,0.9090909090909091,en,1.6
SA,SA,ORG,0.31344696969696967,0.23579545454545456,en,1.6
V60,V60,ORG,0.7374999999999999,0.6083333333333333,en,1.6
NYC,NYC,ORG,0.6770833333333334,0.6354166666666666,en,1.6
Status Yellow,Status Yellow,ORG,0.18749999999999997,0.0,en,1.6
CDC,CDC,ORG,0.16751893939393936,0.38352272727272724,en,1.6
TikTok,TikTok,ORG,0.07954545454545453,0.0,en,1.6
The Parker Solar Probe,The Parker Solar Probe,ORG,-0.020833333333333336,0.3125,en,1.6
McDonald,McDonald,ORG,0.41382575757575757,0.13636363636363635,en,1.6
High Court,High Court,ORG,0.13410714285714284,0.38285714285714284,en,1.6
The Washington Post,The Washington Post,ORG,-0.078125,0.09895833333333333,en,1.6
Zillow,Zillow,ORG,-0.08749999999999998,0.4211805555555555,en,1.6
Ford,Ford,ORG,0.0,0.0,en,1.6
Vanity Fair,Vanity Fair,ORG,0.8541666666666666,0.7499999999999999,en,1.6
Environment Canada,Environment Canada,ORG,0.196875,0.3125,en,1.6
Washington Post,Washington Post,ORG,0.37499999999999994,0.08333333333333333,en,1.6
"Brit + Co
Leggo","Brit + Co
Leggo",ORG,0.0,0.0,en,1.5000000000000004
AEW,AEW,ORG,-1.143333333333333,2.070833333333333,en,1.5000000000000004
Brit +…,Brit +…,ORG,0.0,0.0,en,1.5000000000000004
AEW WrestleDream,AEW WrestleDream,ORG,-0.49999999999999983,1.741666666666666,en,1.5000000000000004
Nespresso,Nespresso,ORG,1.337121212121212,1.6138167388167384,en,1.4000000000000004
Sports,Sports,ORG,-1.2249999999999996,2.2187499999999996,en,1.4000000000000004
Mercedes-Benz,Mercedes-Benz,ORG,0.30762987012987003,1.1176948051948048,en,1.4000000000000004
CO2,CO2,ORG,0.1607142857142857,0.47222222222222215,en,1.4000000000000001
Trinity College Dublin,Trinity College Dublin,ORG,-0.17857142857142855,0.40178571428571425,en,1.4000000000000001
Knicks,Knicks,ORG,1.142857142857143,0.5714285714285715,en,1.4
Jalen Brunson,Jalen Brunson,ORG,0.9642857142857144,0.5714285714285715,en,1.4
Heat,Heat,ORG,-0.059523809523809534,0.39285714285714285,en,1.4
USMNT,USMNT,ORG,0.0,0.20833333333333331,en,1.4
UI Suite Monthly,UI Suite Monthly,ORG,0.27033730158730157,0.4216269841269842,en,1.4
NCAA,NCAA,ORG,-0.10256410256410255,0.24999999999999994,en,1.3000000000000003
AEW Dynamite,AEW Dynamite,ORG,-1.9230769230769227,1.7902930402930401,en,1.3000000000000003
COP30,COP30,ORG,-0.25641025641025633,0.3846153846153845,en,1.3000000000000003
Uncompensable Heat Stress During Monsoon Season,Uncompensable Heat Stress During Monsoon Season,ORG,-0.14423076923076922,0.4567307692307692,en,1.3
Manchester United,Manchester United,ORG,0.5504273504273505,0.39829059829059826,en,1.3
Pimicikamak Cree Nation,Pimicikamak Cree Nation,ORG,0.6538461538461539,0.2564102564102564,en,1.3
RejuvaKnee,RejuvaKnee,ORG,0.3846153846153846,0.0,en,1.3
River Forecast Centre,River Forecast Centre,ORG,0.22307692307692306,0.23076923076923075,en,1.3
New Music,New Music,ORG,0.331002331002331,0.2902097902097902,en,1.3
SRC,SRC,ORG,0.2564102564102564,0.5128205128205128,en,1.3
Dentsu,Dentsu,ORG,0.04778554778554778,0.20629370629370625,en,1.3
Looney,Looney,ORG,0.0,0.0,en,1.3
CBC Toronto,CBC Toronto,ORG,0.1282051282051282,0.6538461538461539,en,1.3
the Red Devils,the Red Devils,ORG,0.36752136752136755,0.15384615384615385,en,1.3
Wigan,Wigan,ORG,0.10256410256410256,0.32051282051282054,en,1.3
"7-Eleven, Inc.","7-Eleven, Inc.",ORG,0.03321678321678321,0.32867132867132864,en,1.3
"Islamic Center of San Diego
","Islamic Center of San Diego
",ORG,-0.5384615384615384,0.3846153846153846,en,1.3
Boeing,Boeing,ORG,0.24038461538461536,0.41452991452991456,en,1.3
Apples,Apples,ORG,0.3776223776223776,0.3686868686868687,en,1.3
the Cleveland Cavaliers,the Cleveland Cavaliers,ORG,-0.16899766899766902,0.2191142191142191,en,1.3
The X-Chair X-Tech,The X-Chair X-Tech,ORG,0.7820512820512819,0.46153846153846156,en,1.3
SERS,SERS,ORG,0.12019230769230768,0.0,en,1.3
The Asian Dispatch,The Asian Dispatch,ORG,0.0,0.0,en,1.3
Microsoft,Microsoft,ORG,0.02564102564102564,0.0,en,1.3
Cardinals,Cardinals,ORG,0.44230769230769224,0.3461538461538461,en,1.3
STOCKHOLM/LONDON,STOCKHOLM/LONDON,ORG,-0.30769230769230765,0.5128205128205128,en,1.3
Drew,Drew,ORG,0.0,0.0,en,1.3
Chem,Chem,ORG,0.0,0.0,en,1.3
Phys,Phys,ORG,0.0,0.0,en,1.3
the Premier League,the Premier League,ORG,0.36752136752136755,0.15384615384615385,en,1.3
Molineux,Molineux,ORG,0.11965811965811968,0.09401709401709402,en,1.3
the Giant African Land Snail,the Giant African Land Snail,ORG,0.061538461538461535,0.4615384615384615,en,1.3
MIT,MIT,ORG,0.03717948717948718,0.3365384615384615,en,1.3
the TECA Heat Action Wave,the TECA Heat Action Wave,ORG,0.18269230769230768,0.3076923076923077,en,1.3
Jesuit,Jesuit,ORG,-0.5769230769230769,0.3846153846153846,en,1.3
Meta Platforms,Meta Platforms,ORG,-0.41185897435897434,0.673076923076923,en,1.3
Natl Acad,Natl Acad,ORG,0.0,0.0,en,1.3
Starmer,Starmer,ORG,0.0,0.0,en,1.3
Hario V60,Hario V60,ORG,0.7153846153846153,0.6794871794871794,en,1.3
the National Park Service,the National Park Service,ORG,0.5128205128205128,0.7692307692307692,en,1.3
Premier League,Premier League,ORG,0.0,0.0,en,1.3
BMO Vancouver Marathon,BMO Vancouver Marathon,ORG,0.41346153846153844,0.7692307692307692,en,1.3
Carson Beck,Carson Beck,ORG,0.44230769230769224,0.3461538461538461,en,1.3
NYCHA,NYCHA,ORG,0.0,0.0,en,1.3
Boyzone,Boyzone,ORG,-0.11538461538461538,0.35256410256410253,en,1.3
IPCC,IPCC,ORG,-0.09615384615384615,0.28846153846153844,en,1.3
Science Daily,Science Daily,ORG,0.1717171717171717,0.37296037296037293,en,1.3
Check Noida,Check Noida,ORG,0.0,0.0,en,1.3
the China Burma India Theater,the China Burma India Theater,ORG,-0.03846153846153845,0.41452991452991456,en,1.3
WSJ,WSJ,ORG,0.0,0.1923076923076923,en,1.3
the Wall Street Journal,the Wall Street Journal,ORG,0.0,0.1923076923076923,en,1.3
ICE,ICE,ORG,0.10256410256410256,0.0,en,1.3
Walt Disney World,Walt Disney World,ORG,-1.125,0.6153846153846154,en,1.3
NAIS,NAIS,ORG,-0.2564102564102564,0.1923076923076923,en,1.3
Atlantic Oscillation,Atlantic Oscillation,ORG,0.1923076923076923,0.7692307692307692,en,1.3
Nestle,Nestle,ORG,-0.02768065268065268,0.4807692307692307,en,1.3
Heatoor,Heatoor,ORG,-0.3846153846153846,0.0,en,1.3
Environ,Environ,ORG,0.0,0.0,en,1.3
the White House,the White House,ORG,0.20586080586080588,0.2695360195360196,en,1.3
the World Space Congress,the World Space Congress,ORG,0.15384615384615385,0.1858974358974359,en,1.3
Le Parisien,Le Parisien,ORG,-0.1923076923076923,0.0,en,1.3
KKR,KKR,ORG,-0.04615384615384616,0.28846153846153844,en,1.3
Front Range,Front Range,ORG,0.2393162393162393,0.43269230769230765,en,1.3
VMP Performance,VMP Performance,ORG,0.0,0.0,en,1.3
the National Weather Service,the National Weather Service,ORG,-0.3846153846153846,0.5384615384615384,en,1.3
Apple,Apple,ORG,0.19871794871794873,0.0,en,1.3
iPhone,iPhone,ORG,0.43356643356643354,0.3686868686868687,en,1.3
Climate Desk,Climate Desk,ORG,0.40064102564102566,0.3846153846153846,en,1.3
Venera 7,Venera 7,ORG,0.0,0.0,en,1.3
FG,FG,ORG,-0.14102564102564102,0.17948717948717946,en,1.3
Woro,Woro,ORG,-0.14102564102564102,0.17948717948717946,en,1.3
Nuku,Nuku,ORG,-0.14102564102564102,0.17948717948717946,en,1.3
un,un,ORG,0.1923076923076923,0.423076923076923,en,1.3
the European Union's,the European Union's,ORG,0.0,0.0,en,1.3
The Ministry of Health,The Ministry of Health,ORG,0.20192307692307693,0.421474358974359,en,1.3
GOP,GOP,ORG,0.12097902097902098,0.23076923076923075,en,1.3
Racing Club,Racing Club,ORG,0.3692307692307692,0.20512820512820512,en,1.3
CDATA,CDATA,ORG,0.16826923076923075,0.1923076923076923,en,1.3
Nike Inc.,Nike Inc.,ORG,0.4487179487179486,0.32051282051282054,en,1.3
Air Jordan,Air Jordan,ORG,0.0,0.0,en,1.3
HTG,HTG,ORG,0.0,0.0,en,1.3
the Houston Health Department,the Houston Health Department,ORG,0.16025641025641024,0.15384615384615383,en,1.3
BVB,BVB,ORG,0.2076923076923077,0.5555555555555556,en,1.3
Delhi Gymkhana Club,Delhi Gymkhana Club,ORG,-0.07692307692307693,0.4615384615384615,en,1.3
Compact Pocket Essentials Built,Compact Pocket Essentials Built,ORG,-0.11965811965811968,0.0,en,1.3
Raman,Raman,ORG,0.12307692307692307,0.0,en,1.3
MAHA,MAHA,ORG,0.24475524475524474,0.0,en,1.3
Harris County Public Health,Harris County Public Health,ORG,0.16025641025641024,0.15384615384615383,en,1.3
HHD,HHD,ORG,0.16025641025641024,0.15384615384615383,en,1.3
Bayern Munich,Bayern Munich,ORG,-0.6666666666666666,0.3589743589743589,en,1.3
Nasa,Nasa,ORG,0.4615384615384615,0.6923076923076923,en,1.3
Tottenham,Tottenham,ORG,0.17307692307692304,0.0,en,1.3
U.S. Immigration and Customs Enforcement,U.S. Immigration and Customs Enforcement,ORG,0.0,0.0,en,1.3
Review,Review,ORG,0.0,0.0,en,1.3
the Ku Klux Klan,the Ku Klux Klan,ORG,0.0,0.0,en,1.3
the weather bureau,the weather bureau,ORG,0.10489510489510488,0.21328671328671328,en,1.3
Green Bay Packers,Green Bay Packers,ORG,0.07948717948717948,0.3923076923076922,en,1.3
Lancet Public,Lancet Public,ORG,0.0,0.05128205128205128,en,1.3
Lancet,Lancet,ORG,0.10708041958041957,0.34965034965034963,en,1.3
Science,Science,ORG,-0.030769230769230767,0.0,en,1.3
Brexit,Brexit,ORG,0.0,0.0,en,1.3
Sriracha,Sriracha,ORG,0.28846153846153844,0.7307692307692307,en,1.3
The Nation,The Nation,ORG,0.6249999999999999,0.5555555555555555,en,1.2000000000000002
Studio Ghibli,Studio Ghibli,ORG,0.4568903318903318,0.5376984126984127,en,1.2000000000000002
Brighton,Brighton,ORG,-0.24999999999999994,0.7499999999999999,en,1.2000000000000002
Guinness World Records,Guinness World Records,ORG,0.41666666666666663,0.41666666666666663,en,1.2000000000000002
United Nations,United Nations,ORG,0.039393939393939384,0.0,en,1.2000000000000002
Inter Milan,Inter Milan,ORG,0.8368055555555556,0.4999999999999999,en,1.2000000000000002
Snoopy,Snoopy,ORG,0.0972222222222222,0.31944444444444436,en,1.2000000000000002
Mercedes-Benz 280SL,Mercedes-Benz 280SL,ORG,0.2272727272727272,0.7575757575757575,en,1.2000000000000002
HelloNation,HelloNation,ORG,-0.24999999999999994,0.0,en,1.2000000000000002
AEW Collision,AEW Collision,ORG,-0.8499999999999999,1.3333333333333333,en,1.2000000000000002
NewsNation,NewsNation,ORG,0.14583333333333331,0.38888888888888884,en,1.2000000000000002
Landmark Paris Agreement,Landmark Paris Agreement,ORG,-0.75,0.6666666666666665,en,1.2000000000000002
Invaders,Invaders,ORG,0.3749999999999999,0.5833333333333333,en,1.2000000000000002
Star Group,Star Group,ORG,-0.4999999999999999,0.8333333333333333,en,1.2000000000000002
Peanuts,Peanuts,ORG,0.42361111111111105,0.6388888888888887,en,1.2000000000000002
the Utah Jazz,the Utah Jazz,ORG,0.0,0.0,en,1.2
the Atlanta Hawks,the Atlanta Hawks,ORG,-0.2916666666666667,0.45833333333333337,en,1.2
Front Load Washer/Electric Dryer Combo,Front Load Washer/Electric Dryer Combo,ORG,0.05357142857142857,0.4345238095238096,en,1.2
the NBA Finals,the NBA Finals,ORG,-0.17361111111111113,0.27083333333333337,en,1.2
SAG,SAG,ORG,0.0,0.0,en,1.2
Reno-Tahoe International Airport,Reno-Tahoe International Airport,ORG,0.06944444444444445,0.0,en,1.2
the 2026 FIFA World Cup,the 2026 FIFA World Cup,ORG,0.33333333333333337,0.25,en,1.2
Amazon Canada,Amazon Canada,ORG,0.43371212121212116,0.4673821548821549,en,1.2
Nikola Jovic,Nikola Jovic,ORG,0.0,0.0,en,1.2
CastleFlexx,CastleFlexx,ORG,0.0,0.0,en,1.2
Pistons,Pistons,ORG,0.125,0.375,en,1.2
Telly Justice,Telly Justice,ORG,0.20833333333333334,0.0,en,1.2
StarBurst,StarBurst,ORG,0.2,0.325,en,1.2
The Sporting News,The Sporting News,ORG,0.06770833333333334,0.0,en,1.2
the University of East Anglia,the University of East Anglia,ORG,-0.18150252525252528,0.3257575757575758,en,1.2
Lamar Odom,Lamar Odom,ORG,0.053819444444444454,0.17708333333333334,en,1.2
Ventless Heat Pump - Dark Steel,Ventless Heat Pump - Dark Steel,ORG,0.05357142857142857,0.4345238095238096,en,1.2
Brunson,Brunson,ORG,0.04924242424242424,0.2821969696969697,en,1.2
Pacers,Pacers,ORG,0.22916666666666669,0.25000000000000006,en,1.2
UEA,UEA,ORG,-0.40625000000000006,0.375,en,1.2
Lakers,Lakers,ORG,-0.375,0.0,en,1.2
Yorkshire Water,Yorkshire Water,ORG,0.32575757575757575,0.3787878787878788,en,1.1
The International Energy Agency,The International Energy Agency,ORG,0.007575757575757567,0.27746212121212116,en,1.1
Mitsubishi Electric,Mitsubishi Electric,ORG,-0.030303030303030293,0.6666666666666666,en,1.1
Town Hall Miracle,Town Hall Miracle,ORG,0.25,0.3333333333333333,en,1.1
Emoco Analytics Service,Emoco Analytics Service,ORG,0.060606060606060615,0.36363636363636365,en,1.1
RD,RD,ORG,0.275974025974026,0.0,en,1.1
Children’s Health,Children’s Health,ORG,0.012121212121212135,0.36363636363636365,en,1.1
BaT,BaT,ORG,-0.07575757575757575,0.1082251082251082,en,1.1
SGU,SGU,ORG,-0.5454545454545454,0.45454545454545453,en,1.1
Jets,Jets,ORG,0.0,0.0,en,1.1
NYSE,NYSE,ORG,-0.5454545454545454,0.45454545454545453,en,1.1
Kiki’s Delivery Service,Kiki’s Delivery Service,ORG,0.37445887445887444,0.0,en,1.1
Short Stories,Short Stories,ORG,0.012121212121212135,0.36363636363636365,en,1.1
Slurpee,Slurpee,ORG,0.3409090909090909,0.6893939393939393,en,1.1
Environment Agency,Environment Agency,ORG,0.1212121212121212,0.35353535353535354,en,1.1
Cuisine Lebanon,Cuisine Lebanon,ORG,0.012121212121212135,0.36363636363636365,en,1.1
Click Frenzy,Click Frenzy,ORG,0.3151252787616423,0.6125541125541124,en,1.1
Blog Magazine Weekly Round,Blog Magazine Weekly Round,ORG,0.012121212121212135,0.36363636363636365,en,1.1
the Paul John Visitor Centre,the Paul John Visitor Centre,ORG,0.47727272727272724,0.5606060606060606,en,1.1
Chelsea,Chelsea,ORG,0.45454545454545453,0.45454545454545453,en,1.1
NEIVANMADE,NEIVANMADE,ORG,-0.18181818181818182,0.0,en,1.1
fe,fe,ORG,0.5909090909090908,0.40909090909090906,en,1.1
Rhodes,Rhodes,ORG,0.27272727272727276,0.6818181818181818,en,1.1
ASLA,ASLA,ORG,0.0,0.0,en,1.1
Olympique de Marseille,Olympique de Marseille,ORG,0.3333333333333333,0.5909090909090908,en,1.1
Safe+sound Guidelines Coptic Orthodox Church,Safe+sound Guidelines Coptic Orthodox Church,ORG,-0.025974025974026007,0.5064935064935063,en,1.1
AEW WrestleDream ️,AEW WrestleDream ️,ORG,-0.026033057851239653,0.618181818181818,en,1.1
Summit,Summit,ORG,0.2479338842975206,0.4132231404958677,en,1.1
Corning,Corning,ORG,0.7272727272727273,0.7272727272727273,en,1.1
Jollywood Nights,Jollywood Nights,ORG,0.40909090909090906,0.0,en,1.1
UPS,UPS,ORG,-0.09090909090909091,0.045454545454545456,en,1.1
Casino Outfits & Dress Code,Casino Outfits & Dress Code,ORG,-0.028409090909090932,0.481060606060606,en,1.1
wagamama Arlington,wagamama Arlington,ORG,0.7272727272727273,0.5757575757575757,en,1.1
Duct Pros Solutions Cleaning,Duct Pros Solutions Cleaning,ORG,0.0,0.0,en,1.1
Taliban,Taliban,ORG,0.034632034632034625,0.4329004329004329,en,1.1
Track Your Life,Track Your Life,ORG,0.3333333333333333,0.303030303030303,en,1.1
Lincoln University,Lincoln University,ORG,-0.5454545454545454,0.36363636363636365,en,1.1
Launceston General Hospital,Launceston General Hospital,ORG,-0.24675324675324672,0.6872294372294372,en,1.1
Hospital,Hospital,ORG,0.09090909090909093,0.45454545454545453,en,1.1
Vrije Universiteit Brussel,Vrije Universiteit Brussel,ORG,0.2479338842975206,0.4132231404958677,en,1.1
Shelter,Shelter,ORG,0.31385281385281383,0.4924242424242424,en,1.1
Desert Pulse,Desert Pulse,ORG,0.3068181818181818,0.7954545454545454,en,1.1
Aldi,Aldi,ORG,0.5256198347107437,0.2545454545454545,en,1.1
ExxonMobil,ExxonMobil,ORG,0.5800865800865801,0.28138528138528135,en,1.1
This Strawberry Hot Chocolate,This Strawberry Hot Chocolate,ORG,0.44696969696969696,0.36868686868686873,en,1.1
The Bad News Bears,The Bad News Bears,ORG,-0.6590909090909088,0.6035353535353535,en,1.1
Londolozi Game Reserve,Londolozi Game Reserve,ORG,-0.3939393939393939,0.36363636363636365,en,1.1
The Pastor Chris Congregation,The Pastor Chris Congregation,ORG,0.07272727272727272,0.2757575757575757,en,1.1
Dragon Red,Dragon Red,ORG,-0.14876033057851237,0.4793388429752065,en,1.1
Target,Target,ORG,0.5833333333333333,0.7727272727272726,en,1.1
Texas Sidecar Company,Texas Sidecar Company,ORG,-0.14876033057851237,0.4793388429752065,en,1.1
Indian Cinema,Indian Cinema,ORG,0.0,0.0,en,1.1
Skyline Roofing and Contracting,Skyline Roofing and Contracting,ORG,0.0,0.0,en,1.1
Medium Blue,Medium Blue,ORG,0.0,0.09090909090909091,en,1.1
The St. Regis Venice,The St. Regis Venice,ORG,0.2929292929292929,0.43939393939393934,en,1.1
Future Proof,Future Proof,ORG,0.0,0.056818181818181816,en,1.1
"Jacobs, Mitchell, Harvey, Zukin","Jacobs, Mitchell, Harvey, Zukin",ORG,0.3333333333333333,0.26262626262626265,en,1.1
Weekly Climate and Energy News Roundup,Weekly Climate and Energy News Roundup,ORG,0.0,0.0,en,1.1
Lincoln University's,Lincoln University's,ORG,-0.5454545454545454,0.36363636363636365,en,1.1
clic,clic,ORG,0.0,0.0,en,1.0
"The Science Of Sweat, Saunas & Stress With Expert","The Science Of Sweat, Saunas & Stress With Expert",ORG,0.0,0.0,en,1.0
University of Victoria,University of Victoria,ORG,0.15,0.0,en,1.0
Climate Change,Climate Change,ORG,0.0,0.0,en,1.0
PLOS Climate,PLOS Climate,ORG,-0.08333333333333333,0.0,en,1.0
the University,the University,ORG,0.0,0.0,en,1.0
NoteEnd,NoteEnd,ORG,0.3625,0.0,en,1.0
Mattel DC Comics Core Mecha Suit Batman Figure,Mattel DC Comics Core Mecha Suit Batman Figure,ORG,0.0,0.0,en,1.0
Hot Air,Hot Air,ORG,0.125,0.0,en,1.0
NPP,NPP,ORG,0.2,0.0,en,1.0
wip,wip,ORG,-0.05555555555555555,0.0,en,1.0
Badger Pass,Badger Pass,ORG,-0.1211111111111111,0.0,en,1.0
GA,GA,ORG,0.0,0.0,en,1.0
WUWT,WUWT,ORG,0.0,0.0,en,1.0
UNESCO World Heritage s,UNESCO World Heritage s,ORG,0.0,0.0,en,1.0
World Heritage,World Heritage,ORG,0.0,0.0,en,1.0
Records,Records,ORG,0.16666666666666666,0.0,en,1.0
Gifford,Gifford,ORG,-0.05,0.0,en,1.0
&nbsp;~&nbsp;1,&nbsp;~&nbsp;1,ORG,0.0,0.0,en,1.0
the Reinvention of the Urban Heat Island,the Reinvention of the Urban Heat Island,ORG,0.125,0.0,en,1.0
Garment Workers ‘Boiling for Profits,Garment Workers ‘Boiling for Profits,ORG,-0.125,0.0,en,1.0
Sport/Luxury/Heat,Sport/Luxury/Heat,ORG,0.0,0.0,en,1.0
Lett.13,Lett.13,ORG,0.0,0.0,en,1.0
Cerqueira ES,Cerqueira ES,ORG,0.0,0.0,en,1.0
EV,EV,ORG,0.0,0.0,en,1.0
National,National,ORG,0.0,0.0,en,1.0
The Western United States,The Western United States,ORG,0.049166666666666664,0.0,en,1.0
National Public Radio,National Public Radio,ORG,0.05,0.0,en,1.0
Intergovernmental Panel on Climate Change,Intergovernmental Panel on Climate Change,ORG,0.0,0.0,en,1.0
World Meteorological Organization,World Meteorological Organization,ORG,0.0,0.0,en,1.0
Heat Indiana Pacers,Heat Indiana Pacers,ORG,0.275,0.0,en,1.0
Data Centers,Data Centers,ORG,0.125,0.0,en,1.0
India Air Conditioner Market Analysis Report,India Air Conditioner Market Analysis Report,ORG,0.0,0.0,en,1.0
SW,SW,ORG,0.0,0.0,en,1.0
Bankes,Bankes,ORG,0.0,0.0,en,1.0
the SNS Insider,the SNS Insider,ORG,0.0,0.0,en,1.0
CTO,CTO,ORG,-0.1,0.0,en,1.0
LCA,LCA,ORG,-0.012499999999999997,0.0,en,1.0
Huanggan,Huanggan,ORG,0.0,0.0,en,1.0
Wellcome,Wellcome,ORG,0.13636363636363635,0.0,en,1.0
Harvard Chan School,Harvard Chan School,ORG,0.24545454545454545,0.0,en,1.0
Harvard T.H.,Harvard T.H.,ORG,0.0,0.0,en,1.0
limitPhys.org Researchers,limitPhys.org Researchers,ORG,-0.08428571428571427,0.0,en,1.0
"Sun, M. &amp","Sun, M. &amp",ORG,0.0,0.0,en,1.0
the North American Ice Sheet,the North American Ice Sheet,ORG,-0.08333333333333333,0.0,en,1.0
Antarctic,Antarctic,ORG,-0.25,0.0,en,1.0
Fox-Kemper,Fox-Kemper,ORG,0.0,0.0,en,1.0
Cambridge University Press,Cambridge University Press,ORG,0.0,0.0,en,1.0
"Popper, S. W. &amp","Popper, S. W. &amp",ORG,0.0,0.0,en,1.0
Sauna,Sauna,ORG,0.6,0.0,en,1.0
"By Component, Product, Application, Regions and Forecast","By Component, Product, Application, Regions and Forecast",ORG,0.0,0.0,en,1.0
Orveda,Orveda,ORG,0.2681818181818182,0.0,en,1.0
Adaptive Light Brew Cream,Adaptive Light Brew Cream,ORG,0.2681818181818182,0.0,en,1.0
Disney California Adventure Food & Wine Festival,Disney California Adventure Food & Wine Festival,ORG,0.0,0.0,en,1.0
DCA,DCA,ORG,0.0,0.0,en,1.0
Food and Wine Festival,Food and Wine Festival,ORG,0.0,0.0,en,1.0
Peppers Cali-Ente,Peppers Cali-Ente,ORG,0.0,0.0,en,1.0
the DCA Food &amp,the DCA Food &amp,ORG,0.0,0.0,en,1.0
CoolIT Systems,CoolIT Systems,ORG,0.0,0.0,en,1.0
the Financial Times,the Financial Times,ORG,-0.06000000000000001,0.0,en,1.0
TIME Magazine,TIME Magazine,ORG,-0.5,0.0,en,1.0
Heartland Institute,Heartland Institute,ORG,0.06818181818181818,0.0,en,1.0
NYers,NYers,ORG,0.3,0.0,en,1.0
Commitment to Climate Justice,Commitment to Climate Justice,ORG,0.0,0.0,en,1.0
U.S. Army,U.S. Army,ORG,0.25,0.0,en,1.0
Heat Interface,Heat Interface,ORG,0.0,0.0,en,1.0
"Global Heat Interface Unit Market Size, Share, Revenue Trends & Segmentation Analysis","Global Heat Interface Unit Market Size, Share, Revenue Trends & Segmentation Analysis",ORG,0.0,0.0,en,1.0
Californias,Californias,ORG,-0.125,0.0,en,1.0
the Climate Majority Projects SAFER,the Climate Majority Projects SAFER,ORG,0.05238095238095238,0.0,en,1.0
Werder Bremens,Werder Bremens,ORG,-0.15000000000000002,0.0,en,1.0
Bundesliga,Bundesliga,ORG,-0.15000000000000002,0.0,en,1.0
MRI,MRI,ORG,0.0,0.0,en,1.0
P. Computer,P. Computer,ORG,0.0,0.0,en,1.0
Moores,Moores,ORG,-0.15555555555555559,0.0,en,1.0
the EcoFlow Delta 2 Max,the EcoFlow Delta 2 Max,ORG,0.14285714285714285,0.0,en,1.0
"Andy May
","Andy May
",ORG,0.05,0.0,en,1.0
Phys.84,Phys.84,ORG,0.0,0.0,en,1.0
MacCabe,MacCabe,ORG,0.0,0.0,en,1.0
ec,ec,ORG,0.11499999999999999,0.0,en,1.0
Oxfam Scotland,Oxfam Scotland,ORG,0.16363636363636364,0.0,en,1.0
the Signal Is Hidden in Their Trunks,the Signal Is Hidden in Their Trunks,ORG,-0.16666666666666666,0.0,en,1.0
shri,shri,ORG,-0.07142857142857142,0.0,en,1.0
RUPERT READ &amp,RUPERT READ &amp,ORG,0.05238095238095238,0.0,en,1.0
Mirage,Mirage,ORG,0.6,0.0,en,1.0
Heat Interface Unit,Heat Interface Unit,ORG,0.0,0.0,en,1.0
De novo,De novo,ORG,0.0,0.0,en,1.0
Lacelle,Lacelle,ORG,0.0,0.0,en,1.0
"Verret, M. Improve","Verret, M. Improve",ORG,0.0,0.0,en,1.0
TVMSwamp,TVMSwamp,ORG,-0.875,0.0,en,1.0
Batman,Batman,ORG,-0.20535714285714285,0.0,en,1.0
Tourette,Tourette,ORG,0.36818181818181817,0.0,en,1.0
Cut For Time,Cut For Time,ORG,0.36818181818181817,0.0,en,1.0
the Center for American Political Studies,the Center for American Political Studies,ORG,0.10727272727272727,0.0,en,1.0
Harvard,Harvard,ORG,0.10727272727272727,0.0,en,1.0
the Harris Poll,the Harris Poll,ORG,0.10727272727272727,0.0,en,1.0
MidtermsMediaite,MidtermsMediaite,ORG,0.23409090909090907,0.0,en,1.0
Atlantas NPR,Atlantas NPR,ORG,0.0,0.0,en,1.0
Homeland Security,Homeland Security,ORG,0.1,0.0,en,1.0
Capitol Hill,Capitol Hill,ORG,0.1,0.0,en,1.0
Accor,Accor,ORG,0.45,0.0,en,1.0
"P, Staudmyer, H","P, Staudmyer, H",ORG,0.05444444444444444,0.0,en,1.0
Vanos,Vanos,ORG,0.05444444444444444,0.0,en,1.0
Stop Methane Project,Stop Methane Project,ORG,0.0,0.0,en,1.0
MLB Cactus League,MLB Cactus League,ORG,0.0,0.0,en,1.0
Major League Baseball,Major League Baseball,ORG,0.03125,0.0,en,1.0
Science362,Science362,ORG,0.0,0.0,en,1.0
Clin,Clin,ORG,0.0,0.0,en,1.0
Neurol.156,Neurol.156,ORG,0.0,0.0,en,1.0
Marder,Marder,ORG,0.0,0.0,en,1.0
the University of … [,the University of … [,ORG,0.0,0.0,en,1.0
Blizzards,Blizzards,ORG,-0.125,0.0,en,1.0
Rancho Santa Fe,Rancho Santa Fe,ORG,0.0,0.0,en,1.0
Xe/Kr,Xe/Kr,ORG,-0.011458333333333334,0.0,en,1.0
Plio,Plio,ORG,-0.011458333333333334,0.0,en,1.0
Nebraska,Nebraska,ORG,-0.13333333333333333,0.0,en,1.0
DimaBerlin,DimaBerlin,ORG,0.0,0.0,en,1.0
UCLA,UCLA,ORG,0.0,0.0,en,1.0
snow & rain cool Kashmir,snow & rain cool Kashmir,ORG,0.35,0.0,en,1.0
Wolff,Wolff,ORG,0.05444444444444444,0.0,en,1.0
El NiñoSouthern Oscillation,El NiñoSouthern Oscillation,ORG,0.0,0.0,en,1.0
Nature559,Nature559,ORG,0.0,0.0,en,1.0
the USAP News California,the USAP News California,ORG,0.010606060606060608,0.0,en,1.0
Heat WaveThe New York Times,Heat WaveThe New York Times,ORG,0.010606060606060608,0.0,en,1.0
the National Weather Service (NWS,the National Weather Service (NWS,ORG,0.0,0.0,en,1.0
Records Fall,Records Fall,ORG,0.0,0.0,en,1.0
Cities,Cities,ORG,0.0,0.0,en,1.0
Gold State,Gold State,ORG,-0.3875,0.0,en,1.0
SoCal Heat-Wave Prompts Health Warning Of High Bacteria Levels,SoCal Heat-Wave Prompts Health Warning Of High Bacteria Levels,ORG,0.16,0.0,en,1.0
The Epoch Times,The Epoch Times,ORG,-0.041666666666666664,0.0,en,1.0
Early Southwest Heat Is Latest In Parade Of Weather Extremes As Earth Warms,Early Southwest Heat Is Latest In Parade Of Weather Extremes As Earth Warms,ORG,0.11666666666666665,0.0,en,1.0
ABC News Live,ABC News Live,ORG,0.021801346801346783,0.0,en,1.0
nextLos Angeles Times Records,nextLos Angeles Times Records,ORG,0.2533333333333333,0.0,en,1.0
unprecedent,unprecedent,ORG,-0.075,0.0,en,1.0
Beryllia,Beryllia,ORG,0.0,0.0,en,1.0
Utilities Study How to Protect Grids From Rising Physical Threats,Utilities Study How to Protect Grids From Rising Physical Threats,ORG,0.0,0.0,en,1.0
Powder,Powder,ORG,0.0,0.0,en,1.0
Dodge Ridge,Dodge Ridge,ORG,-0.15555555555555559,0.0,en,1.0
life‑limiting,life‑limiting,ORG,0.037337662337662336,0.0,en,1.0
New Temperature Study in Reno Finds Strong Urban Heat Island Bias,New Temperature Study in Reno Finds Strong Urban Heat Island Bias,ORG,0.18989898989898987,0.0,en,1.0
Official Climate Station,Official Climate Station,ORG,0.18989898989898987,0.0,en,1.0
GPER,GPER,ORG,0.0,0.0,en,1.0
EHS,EHS,ORG,0.1875,0.0,en,1.0
Primers8,Primers8,ORG,0.0,0.0,en,1.0
Paralympics,Paralympics,ORG,0.0,0.0,en,1.0
Milano C,Milano C,ORG,0.6,0.0,en,1.0
Scorch Los Angeles,Scorch Los Angeles,ORG,0.0,0.0,en,1.0
City Hall,City Hall,ORG,0.0648148148148148,0.0,en,1.0
Heat Risk Delivery Plan,Heat Risk Delivery Plan,ORG,0.0648148148148148,0.0,en,1.0
Pune Zoo,Pune Zoo,ORG,0.0,0.0,en,1.0
Rajiv Gandhi Zoological Park &amp,Rajiv Gandhi Zoological Park &amp,ORG,-0.1,0.0,en,1.0
Wildlife Research Center,Wildlife Research Center,ORG,-0.1,0.0,en,1.0
"Pool, Excursions & Resort Nights","Pool, Excursions & Resort Nights",ORG,0.0,0.0,en,1.0
the University of Oxford,the University of Oxford,ORG,0.0595959595959596,0.0,en,1.0
Introdu,Introdu,ORG,0.0,0.0,en,1.0
the University of UNSW Sydney,the University of UNSW Sydney,ORG,0.1,0.0,en,1.0
Monash University,Monash University,ORG,0.1,0.0,en,1.0
ACs,ACs,ORG,0.0,0.0,en,1.0
Central Sierra,Central Sierra,ORG,0.22000000000000003,0.0,en,1.0
the European Space Agency's,the European Space Agency's,ORG,-0.022727272727272728,0.0,en,1.0
Gaia,Gaia,ORG,-0.022727272727272728,0.0,en,1.0
SAKIS MITROLIDIS/AFP,SAKIS MITROLIDIS/AFP,ORG,-0.078125,0.0,en,1.0
Down DHS Propaganda,Down DHS Propaganda,ORG,0.1398148148148148,0.0,en,1.0
FBI Raids Home,FBI Raids Home,ORG,0.1398148148148148,0.0,en,1.0
Wm,Wm,ORG,0.0,0.0,en,1.0
Mercury,Mercury,ORG,0.0,0.0,en,1.0
Mt.,Mt.,ORG,0.0,0.0,en,1.0
Drying Clothes on Radiators Feels Smart,Drying Clothes on Radiators Feels Smart,ORG,0.10714285714285714,0.0,en,1.0
This Growing El Niño,This Growing El Niño,ORG,0.0,0.0,en,1.0
Android,Android,ORG,0.0,0.0,en,1.0
SIALABE/,SIALABE/,ORG,0.0,0.0,en,1.0
The Labour Department,The Labour Department,ORG,0.02,0.0,en,1.0
Junebastillepost.com Labour Department,Junebastillepost.com Labour Department,ORG,0.02,0.0,en,1.0
Cabinet,Cabinet,ORG,0.0,0.0,en,1.0
World Bank,World Bank,ORG,-0.125,0.0,en,1.0
Seychelles,Seychelles,ORG,-0.013333333333333336,0.0,en,1.0
Port of Dover Travel,Port of Dover Travel,ORG,-0.2,0.0,en,1.0
NDRRMA,NDRRMA,ORG,0.041666666666666664,0.0,en,1.0
the University of Reading,the University of Reading,ORG,0.14714285714285713,0.0,en,1.0
Atlan,Atlan,ORG,0.19727272727272727,0.0,en,1.0
Greater Manchester,Greater Manchester,ORG,0.5,0.0,en,1.0
Makerfield,Makerfield,ORG,0.0,0.0,en,1.0
Burnham,Burnham,ORG,0.0,0.0,en,1.0
fintech,fintech,ORG,-0.15,0.0,en,1.0
Chitrak,Chitrak,ORG,0.0,0.0,en,1.0
the ministry of power,the ministry of power,ORG,0.2787878787878788,0.0,en,1.0
Ghaziabad,Ghaziabad,ORG,0.2,0.0,en,1.0
the te… LONDON,the te… LONDON,ORG,0.15,0.0,en,1.0
AP) Firefighters,AP) Firefighters,ORG,0.15,0.0,en,1.0
AstraZeneca,AstraZeneca,ORG,0.3666666666666667,0.0,en,1.0
Clean Heat Program,Clean Heat Program,ORG,0.3666666666666667,0.0,en,1.0
Winnipeggers,Winnipeggers,ORG,-0.125,0.0,en,1.0
the Wet Bulb Globe,the Wet Bulb Globe,ORG,0.075,0.0,en,1.0
the United Nations,the United Nations,ORG,0.10714285714285714,0.0,en,1.0
Southern Manitoba,Southern Manitoba,ORG,-0.05,0.0,en,1.0
Tubi,Tubi,ORG,0.13636363636363635,0.0,en,1.0
Monda,Monda,ORG,0.08666666666666667,0.0,en,1.0
walkathons urging safer workplaces,walkathons urging safer workplaces,ORG,0.0,0.0,en,1.0
SACTEM,SACTEM,ORG,0.0,0.0,en,1.0
Hajj,Hajj,ORG,0.10714285714285714,0.0,en,1.0
Stiell,Stiell,ORG,-0.04375,0.0,en,1.0
navy,navy,ORG,-0.09999999999999999,0.0,en,1.0
New May,New May,ORG,0.13636363636363635,0.0,en,1.0
LLC,LLC,ORG,0.0,0.0,en,1.0
Heat Wave Shatters Records,Heat Wave Shatters Records,ORG,0.0,0.0,en,1.0
everywhereand,everywhereand,ORG,0.0,0.0,en,1.0
ScienceAlert,ScienceAlert,ORG,-0.033333333333333326,0.0,en,1.0
Central,Central,ORG,0.0,0.0,en,1.0
USA114,USA114,ORG,0.0,0.0,en,1.0
the Climate Change Committee,the Climate Change Committee,ORG,0.0,0.0,en,1.0
the New York Knicks,the New York Knicks,ORG,-0.13181818181818183,0.0,en,1.0
Game 1,Game 1,ORG,-0.13181818181818183,0.0,en,1.0
Mediterranean Revival,Mediterranean Revival,ORG,0.2,0.0,en,1.0
Berkeley,Berkeley,ORG,-0.2,0.0,en,1.0
El Nino,El Nino,ORG,0.3233333333333333,0.0,en,1.0
BBC Weather,BBC Weather,ORG,0.31,0.0,en,1.0
Gurugram & Ghaziabad,Gurugram & Ghaziabad,ORG,0.0,0.0,en,1.0
Emmi AI,Emmi AI,ORG,0.0,0.0,en,1.0
LA,LA,ORG,0.0,0.0,en,1.0
Ocean University of China,Ocean University of China,ORG,-0.03333333333333333,0.0,en,1.0
Hadley,Hadley,ORG,-0.03333333333333333,0.0,en,1.0
Stefon Diggs',Stefon Diggs',ORG,-0.125,0.0,en,1.0
the Frozen Refreshers,the Frozen Refreshers,ORG,0.13636363636363635,0.0,en,1.0
Frozen,Frozen,ORG,0.0909090909090909,0.0,en,1.0
NEXSTAR,NEXSTAR,ORG,0.0,0.0,en,1.0
The Intergovernmental Panel on C,The Intergovernmental Panel on C,ORG,0.0,0.0,en,1.0
influence&nbsp;storm,influence&nbsp;storm,ORG,0.0,0.0,en,1.0
CM,CM,ORG,0.0,0.0,en,1.0
Soc.49,Soc.49,ORG,0.0,0.0,en,1.0
Acco,Acco,ORG,0.1278409090909091,0.0,en,1.0
Inbetweeners,Inbetweeners,ORG,0.15,0.0,en,1.0
+13367,+13367,ORG,0.1,0.0,en,1.0
Chase Burns,Chase Burns,ORG,0.0,0.0,en,1.0
the Bank Holiday,the Bank Holiday,ORG,0.45999999999999996,0.0,en,1.0
European Council,European Council,ORG,0.0,0.0,en,1.0
Parker Solar Probe,Parker Solar Probe,ORG,0.0,0.0,en,1.0
Starbucks Japan,Starbucks Japan,ORG,0.13636363636363635,0.0,en,1.0
University Hospital,University Hospital,ORG,-0.4,0.0,en,1.0
WhaleSpotter,WhaleSpotter,ORG,-0.2277777777777778,0.0,en,1.0
the Frisco City Council,the Frisco City Council,ORG,0.0,0.0,en,1.0
The New York Knicks,The New York Knicks,ORG,-0.08787878787878789,0.0,en,1.0
Knicks-Cavs Game 1,Knicks-Cavs Game 1,ORG,-0.4,0.0,en,1.0
C,C,ORG,0.0,0.0,en,1.0
the United States Navy,the United States Navy,ORG,0.0,0.0,en,1.0
Analysis Shows,Analysis Shows,ORG,-0.125,0.0,en,1.0
Bauer-Griffin,Bauer-Griffin,ORG,0.11742424242424243,0.0,en,1.0
"Getty
Competitors","Getty
Competitors",ORG,0.0,0.0,en,1.0
Mukalla,Mukalla,ORG,0.0,0.0,en,1.0
Radio City Music Hall,Radio City Music Hall,ORG,0.25,0.0,en,1.0
Honey,Honey,ORG,0.221875,0.0,en,1.0
Brace,Brace,ORG,0.0,0.0,en,1.0
Duke Energy,Duke Energy,ORG,0.1,0.0,en,1.0
The Central California Womens Facility,The Central California Womens Facility,ORG,0.0,0.0,en,1.0
BLDC,BLDC,ORG,0.17833333333333334,0.0,en,1.0
The Best Wearable Cooling Devices,The Best Wearable Cooling Devices,ORG,1.0,0.0,en,1.0
Antares Mark-0 Becomes First Advanced Nuclear Reactor to Achieve Criticality Under DOE Pilot ProgramPower Magazine,Antares Mark-0 Becomes First Advanced Nuclear Reactor to Achieve Criticality Under DOE Pilot ProgramPower Magazine,ORG,0.325,0.0,en,1.0
INL’s) Reactor and,INL’s) Reactor and,ORG,0.0,0.0,en,1.0
Idaho National Laboratory,Idaho National Laboratory,ORG,0.0,0.0,en,1.0
HALEU,HALEU,ORG,0.0,0.0,en,1.0
Antares Nuclear Inc.,Antares Nuclear Inc.,ORG,0.0,0.0,en,1.0
Antares Mark-0 Becomes First Advanced Nuclear Reactor to Achieve Criticality Under DOE Pilot Program,Antares Mark-0 Becomes First Advanced Nuclear Reactor to Achieve Criticality Under DOE Pilot Program,ORG,0.325,0.0,en,1.0
IIis,IIis,ORG,0.08333333333333333,0.0,en,1.0
Marteau & Co.'s,Marteau & Co.'s,ORG,0.375,0.0,en,1.0
Radio City Music Ha,Radio City Music Ha,ORG,0.0,0.0,en,1.0
UTSA,UTSA,ORG,0.10625000000000001,0.0,en,1.0
Renewing Focus on Climate Adaptation,Renewing Focus on Climate Adaptation,ORG,0.0,0.0,en,1.0
Metro Health,Metro Health,ORG,0.0,0.0,en,1.0
the World Health Organization's,the World Health Organization's,ORG,0.4,0.0,en,1.0
UN Ne…,UN Ne…,ORG,0.13583333333333333,0.0,en,1.0
the International Federation of Association Football,the International Federation of Association Football,ORG,0.056249999999999994,0.0,en,1.0
Kane & Co.,Kane & Co.,ORG,0.4,0.0,en,1.0
EpiCooler AC,EpiCooler AC,ORG,0.45499999999999996,0.0,en,1.0
EpiCooler,EpiCooler,ORG,-0.25,0.0,en,1.0
AGU,AGU,ORG,-0.09375,0.0,en,1.0
AGU Advances,AGU Advances,ORG,-0.09375,0.0,en,1.0
Bay Area Faces a Weather ‘,Bay Area Faces a Weather ‘,ORG,0.3,0.0,en,1.0
Mass,Mass,ORG,0.2,0.0,en,1.0
Mass times,Mass times,ORG,0.0,0.0,en,1.0
Ram Manohar Lohia Hospital,Ram Manohar Lohia Hospital,ORG,0.13636363636363635,0.0,en,1.0
Euronews,Euronews,ORG,-0.4,0.0,en,1.0
Raj,Raj,ORG,0.0,0.0,en,1.0
O'Neill,O'Neill,ORG,0.0,0.0,en,1.0
La Rambla,La Rambla,ORG,0.11499999999999999,0.0,en,1.0
The Greyhound Bar & Grill,The Greyhound Bar & Grill,ORG,0.05,0.0,en,1.0
Phoenix Confirms,Phoenix Confirms,ORG,0.0625,0.0,en,1.0
Burger King,Burger King,ORG,0.55,0.0,en,1.0
MrBeast,MrBeast,ORG,0.30833333333333335,0.0,en,1.0
Mens National Team,Mens National Team,ORG,0.0,0.0,en,1.0
Daily Mail,Daily Mail,ORG,0.0,0.0,en,1.0
Dry,Dry,ORG,-0.08333333333333331,0.0,en,1.0
Contra Costa,Contra Costa,ORG,0.0,0.0,en,1.0
the Senegal national football,the Senegal national football,ORG,0.099542297979798,0.0,en,1.0
the Bank of America Stadium,the Bank of America Stadium,ORG,0.4666666666666666,0.0,en,1.0
Capital,Capital,ORG,0.0,0.0,en,1.0
the Middle Eas,the Middle Eas,ORG,-0.07777777777777779,0.0,en,1.0
DownSummer,DownSummer,ORG,0.0,0.0,en,1.0
Truth Social,Truth Social,ORG,-0.09166666666666667,0.0,en,1.0
Fox News,Fox News,ORG,0.5,0.0,en,1.0
Fox,Fox,ORG,0.16666666666666666,0.0,en,1.0
Disturbed Individual',Disturbed Individual',ORG,0.16666666666666666,0.0,en,1.0
Scotland v Curacao,Scotland v Curacao,ORG,0.17045454545454544,0.0,en,1.0
Gospel Stats Weekly Brand Report,Gospel Stats Weekly Brand Report,ORG,0.0,0.0,en,1.0
McDonald's,McDonald's,ORG,0.21212121212121213,0.0,en,1.0
New York Post,New York Post,ORG,0.13636363636363635,0.0,en,1.0
The World Meteorological Organization,The World Meteorological Organization,ORG,-0.125,0.0,en,1.0
"Royal Events, Exhibitions","Royal Events, Exhibitions",ORG,0.0,0.0,en,1.0
Anglotopia Podcast,Anglotopia Podcast,ORG,0.0,0.0,en,1.0
International Sea Level Satellite,International Sea Level Satellite,ORG,0.0,0.0,en,1.0
Disney Food Blog,Disney Food Blog,ORG,0.4,0.0,en,1.0
Disney CONFIRMS Snacks,Disney CONFIRMS Snacks,ORG,0.0,0.0,en,1.0
DC Comics,DC Comics,ORG,0.15404040404040406,0.0,en,1.0
mattel,mattel,ORG,0.15404040404040406,0.0,en,1.0
The Man of Steel,The Man of Steel,ORG,0.16818181818181818,0.0,en,1.0
the National Science Foundation's,the National Science Foundation's,ORG,0.2,0.0,en,1.0
Dismantle Ocean Monitoring System,Dismantle Ocean Monitoring System,ORG,0.0,0.0,en,1.0
Trump Administration,Trump Administration,ORG,0.0,0.0,en,1.0
Quantum,Quantum,ORG,0.0,0.0,en,1.0
Alphabet,Alphabet,ORG,0.0,0.0,en,1.0
Caring Arkansas,Caring Arkansas,ORG,0.5,0.0,en,1.0
the United Nations World Meteorological Organization (WMO,the United Nations World Meteorological Organization (WMO,ORG,0.5,0.0,en,1.0
Crystal Spring Farm,Crystal Spring Farm,ORG,0.03333333333333333,0.0,en,1.0
the Atlantic Meridional Overturning Circulation,the Atlantic Meridional Overturning Circulation,ORG,0.19727272727272727,0.0,en,1.0
Galaxy Fold 8 Wide,Galaxy Fold 8 Wide,ORG,0.1787878787878788,0.0,en,1.0
FMCG,FMCG,ORG,-0.1,0.0,en,1.0
Channel,Channel,ORG,0.5,0.0,en,1.0
the Border Security Command,the Border Security Command,ORG,0.5,0.0,en,1.0
The Arizona Cardinals,The Arizona Cardinals,ORG,0.0,0.0,en,1.0
Drive and Heat,Drive and Heat,ORG,0.08333333333333333,0.0,en,1.0
Geymann,Geymann,ORG,0.0,0.0,en,1.0
Hypnotiks,Hypnotiks,ORG,9.25185853854297e-18,0.0,en,1.0
The Hypnotiks & Wolfgang Valbrun,The Hypnotiks & Wolfgang Valbrun,ORG,-0.25,0.0,en,1.0
the Weather Forecasting Division,the Weather Forecasting Division,ORG,0.0,0.0,en,1.0
AMOC,AMOC,ORG,0.05,0.0,en,1.0
the Weather Forecasting Division of,the Weather Forecasting Division of,ORG,-0.025,0.0,en,1.0
The Outdoor Weatherproof Chair Cover Blanket for Warm & Dry Support,The Outdoor Weatherproof Chair Cover Blanket for Warm & Dry Support,ORG,0.26666666666666666,0.0,en,1.0
N. &amp,N. &amp,ORG,0.0,0.0,en,1.0
Nature.619,Nature.619,ORG,0.0,0.0,en,1.0
Mamdani,Mamdani,ORG,0.0,0.0,en,1.0
The Met department,The Met department,ORG,0.007272727272727269,0.0,en,1.0
The Directorate of Education,The Directorate of Education,ORG,0.0,0.0,en,1.0
Jeongwoo Ham,Jeongwoo Ham,ORG,0.15,0.0,en,1.0
Ham,Ham,ORG,0.11666666666666667,0.0,en,1.0
Vidarbha,Vidarbha,ORG,0.0,0.0,en,1.0
MeT,MeT,ORG,-0.0625,0.0,en,1.0
India Meteorological Department,India Meteorological Department,ORG,0.06818181818181818,0.0,en,1.0
Srivastava,Srivastava,ORG,-0.1,0.0,en,1.0
Odisha,Odisha,ORG,-0.1,0.0,en,1.0
Jharkahnd,Jharkahnd,ORG,-0.1,0.0,en,1.0
Wild Kitchen,Wild Kitchen,ORG,0.1,0.0,en,1.0
Dedicat…,Dedicat…,ORG,0.3333333333333333,0.0,en,1.0
Werder,Werder,ORG,0.3,0.0,en,1.0
Health Ministry,Health Ministry,ORG,0.0,0.0,en,1.0
Zanskar's Big Blind,Zanskar's Big Blind,ORG,-0.25,0.0,en,1.0
Tesla,Tesla,ORG,0.25,0.0,en,1.0
IPO,IPO,ORG,0.25,0.0,en,1.0
SpaceX,SpaceX,ORG,0.25,0.0,en,1.0
Current Climate,Current Climate,ORG,0.25,0.0,en,1.0
India Meteorolo,India Meteorolo,ORG,0.0,0.0,en,1.0
Manchester University,Manchester University,ORG,0.4166666666666667,0.0,en,1.0
School bell,School bell,ORG,0.13636363636363635,0.0,en,1.0
Northeast,Northeast,ORG,-0.3,0.0,en,1.0
Philadelphias WHYY News,Philadelphias WHYY News,ORG,0.2833333333333333,0.0,en,1.0
Centers for Disease Control and Prevention,Centers for Disease Control and Prevention,ORG,0.25,0.0,en,1.0
Inter,Inter,ORG,0.25,0.0,en,1.0
Lautaro at Racing Club,Lautaro at Racing Club,ORG,0.25,0.0,en,1.0
Eart,Eart,ORG,0.0,0.0,en,1.0
Euro,Euro,ORG,0.0625,0.0,en,1.0
superstrength,superstrength,ORG,0.175,0.0,en,1.0
Boltzmann,Boltzmann,ORG,0.0,0.0,en,1.0
Lower,Lower,ORG,0.25,0.0,en,1.0
the fe,the fe,ORG,0.2590909090909091,0.0,en,1.0
Cornell University,Cornell University,ORG,0.25,0.0,en,1.0
Blue Star MD,Blue Star MD,ORG,-0.19444444444444445,0.0,en,1.0
NASAs Goddard Institute for Space Studies,NASAs Goddard Institute for Space Studies,ORG,-0.056249999999999994,0.0,en,1.0
Sweat,Sweat,ORG,-0.6,0.0,en,1.0
The Obama Presidential Center,The Obama Presidential Center,ORG,-0.1,0.0,en,1.0
Obama Center,Obama Center,ORG,0.15000000000000002,0.0,en,1.0
iPhone Fold,iPhone Fold,ORG,0.1787878787878788,0.0,en,1.0
the American Journal of Preventive Cardiology,the American Journal of Preventive Cardiology,ORG,0.25,0.0,en,1.0
Europenow,Europenow,ORG,0.04727272727272727,0.0,en,1.0
breakingrecordsin,breakingrecordsin,ORG,-0.049999999999999996,0.0,en,1.0
PinkPantheress & More,PinkPantheress & More,ORG,0.5,0.0,en,1.0
"Suzhou Chuanmao Metal Materials Co., Ltd.","Suzhou Chuanmao Metal Materials Co., Ltd.",ORG,0.0,0.0,en,1.0
Anticyclone,Anticyclone,ORG,0.06190476190476191,0.0,en,1.0
IMD Delhi Weather,IMD Delhi Weather,ORG,0.0,0.0,en,1.0
J&L,J&L,ORG,0.0,0.0,en,1.0
Source Logistics (Source,Source Logistics (Source,ORG,0.0,0.0,en,1.0
summer Source Logistics',summer Source Logistics',ORG,0.0,0.0,en,1.0
Source Logistics',Source Logistics',ORG,0.0,0.0,en,1.0
Hornets,Hornets,ORG,-0.3,0.0,en,1.0
El Niño',El Niño',ORG,0.010416666666666657,0.0,en,1.0
Washington Brace for Record Heat,Washington Brace for Record Heat,ORG,0.0,0.0,en,1.0
Walt Disney World Files Patent,Walt Disney World Files Patent,ORG,0.0,0.0,en,1.0
Chapman University,Chapman University,ORG,0.06818181818181818,0.0,en,1.0
UC Irvine,UC Irvine,ORG,0.06818181818181818,0.0,en,1.0
Coachella,Coachella,ORG,0.0,0.0,en,1.0
Coachella 2026,Coachella 2026,ORG,0.3333333333333333,0.0,en,1.0
the Windmill Window Air Conditioner Before,the Windmill Window Air Conditioner Before,ORG,0.0,0.0,en,1.0
Windmill,Windmill,ORG,-0.15555555555555559,0.0,en,1.0
Home Depot,Home Depot,ORG,-0.15555555555555559,0.0,en,1.0
dod,dod,ORG,0.0,0.0,en,1.0
White/Black/Hyper Pink/Multi-Color (,White/Black/Hyper Pink/Multi-Color (,ORG,0.475,0.0,en,1.0
the LeBron XXIII,the LeBron XXIII,ORG,0.475,0.0,en,1.0
LeBron XXIII Basketball Shoes,LeBron XXIII Basketball Shoes,ORG,0.4,0.0,en,1.0
Nike Men's,Nike Men's,ORG,0.4,0.0,en,1.0
Shivajinagar,Shivajinagar,ORG,0.5,0.0,en,1.0
the Display Builder,the Display Builder,ORG,0.14097222222222222,0.0,en,1.0
AI Enters,AI Enters,ORG,0.0,0.0,en,1.0
"Translations Land, Core Proposals Heat Up","Translations Land, Core Proposals Heat Up",ORG,0.0,0.0,en,1.0
UI Suite Initiative,UI Suite Initiative,ORG,0.0,0.0,en,1.0
NiMet,NiMet,ORG,-0.06666666666666665,0.0,en,1.0
Heineken,Heineken,ORG,0.06212121212121211,0.0,en,1.0
The New York Times,The New York Times,ORG,0.06534090909090909,0.0,en,1.0
Education,Education,ORG,0.0,0.0,en,1.0
Bloomberg/Getty Images,Bloomberg/Getty Images,ORG,0.375,0.0,en,1.0
Unsplash/Rx',Unsplash/Rx',ORG,0.0,0.0,en,1.0
REI,REI,ORG,0.475,0.0,en,1.0
Texas borderAP News Laredo,Texas borderAP News Laredo,ORG,0.03614718614718615,0.0,en,1.0
Wheat Crops Wither,Wheat Crops Wither,ORG,-0.4,0.0,en,1.0
Rock’ & ‘,Rock’ & ‘,ORG,0.0,0.0,en,1.0
Chicago Public Media,Chicago Public Media,ORG,0.0,0.0,en,1.0
MoS2,MoS2,ORG,0.0,0.0,en,1.0
MoSe2,MoSe2,ORG,0.0,0.0,en,1.0
Britons,Britons,ORG,0.13571428571428573,0.0,en,1.0
Fervo,Fervo,ORG,0.049999999999999996,0.0,en,1.0
heatwavecaused,heatwavecaused,ORG,-0.2333333333333333,0.0,en,1.0
The Department of Energy,The Department of Energy,ORG,0.0,0.0,en,1.0
the University of Texas25,the University of Texas25,ORG,0.0,0.0,en,1.0
the Center for Space Research,the Center for Space Research,ORG,0.0,0.0,en,1.0
iStock /,iStock /,ORG,0.25,0.0,en,1.0
University of Copenhagen Volcanoes,University of Copenhagen Volcanoes,ORG,-0.13333333333333333,0.0,en,1.0
ScienceTags,ScienceTags,ORG,-0.13333333333333333,0.0,en,1.0
National Geographic Traveller,National Geographic Traveller,ORG,0.0,0.0,en,1.0
Sund,Sund,ORG,0.1,0.0,en,1.0
Union Pacific e… Federal,Union Pacific e… Federal,ORG,0.1,0.0,en,1.0
Herds Thin,Herds Thin,ORG,-0.4,0.0,en,1.0
Heat-Trapping Microplastics Found to Play Role in Climate Change,Heat-Trapping Microplastics Found to Play Role in Climate Change,ORG,0.0,0.0,en,1.0
SWNS,SWNS,ORG,-0.1962121212121212,0.0,en,1.0
"eBay
 ","eBay
 ",ORG,0.06132756132756132,0.0,en,1.0
Zokop Mini Split Air Conditioner Heat Pump w/ Remote,Zokop Mini Split Air Conditioner Heat Pump w/ Remote,ORG,0.15000000000000002,0.0,en,1.0
The Municipal Corporation of Delhi,The Municipal Corporation of Delhi,ORG,0.0,0.0,en,1.0
the World Meteorological Organization,the World Meteorological Organization,ORG,0.8,0.0,en,1.0
Climate Records Toppled,Climate Records Toppled,ORG,0.05,0.0,en,1.0
Atmospheric Science,Atmospheric Science,ORG,0.25925925925925924,0.0,en,1.0
"DORANY PINEDA
","DORANY PINEDA
",ORG,-0.0625,0.0,en,1.0
Cork,Cork,ORG,0.0,0.0,en,1.0
RevealTime Magazine,RevealTime Magazine,ORG,0.16875,0.0,en,1.0
bou,bou,ORG,0.0,0.0,en,1.0
the National Highways Authority of India,the National Highways Authority of India,ORG,0.0,0.0,en,1.0
NHAI,NHAI,ORG,0.0,0.0,en,1.0
CII,CII,ORG,0.0,0.0,en,1.0
WFH,WFH,ORG,0.0,0.0,en,1.0
India Inc,India Inc,ORG,0.0,0.0,en,1.0
The Linux Vendor Firmware Service,The Linux Vendor Firmware Service,ORG,0.0,0.0,en,1.0
SMARTWINS,SMARTWINS,ORG,0.0,0.0,en,1.0
Dehumidifier</li,Dehumidifier</li,ORG,0.06132756132756132,0.0,en,1.0
Fudan University,Fudan University,ORG,0.10000000000000002,0.0,en,1.0
Digital Display</li,Digital Display</li,ORG,0.06132756132756132,0.0,en,1.0
Environmental Science &amp,Environmental Science &amp,ORG,0.0,0.0,en,1.0
Environmental Science & Technology,Environmental Science & Technology,ORG,0.0,0.0,en,1.0
MICROPLASTICS,MICROPLASTICS,ORG,0.0,0.0,en,1.0
Fermentation,Fermentation,ORG,0.0,0.0,en,1.0
Climate Change Canada,Climate Change Canada,ORG,-0.25,0.0,en,1.0
Vancouver Coastal Health,Vancouver Coastal Health,ORG,-0.0625,0.0,en,1.0
High Country News,High Country News,ORG,0.2675,0.0,en,1.0
Kalshi sayCNBC,Kalshi sayCNBC,ORG,0.0773809523809524,0.0,en,1.0
NDMA,NDMA,ORG,0.2333333333333333,0.0,en,1.0
"Shutterstock
Bosses","Shutterstock
Bosses",ORG,-0.13541666666666666,0.0,en,1.0
​6,​6,ORG,0.15,0.0,en,1.0
AAA,AAA,ORG,0.0,0.0,en,1.0
Aust,Aust,ORG,0.04924242424242423,0.0,en,1.0
BTU,BTU,ORG,0.06132756132756132,0.0,en,1.0
Automatic Shut,Automatic Shut,ORG,0.06132756132756132,0.0,en,1.0
Werder Bremen,Werder Bremen,ORG,-0.15000000000000002,0.0,en,1.0
Universal Images Group,Universal Images Group,ORG,0.215,0.0,en,1.0
Curacao,Curacao,ORG,0.0889520202020202,0.0,en,1.0
CRIÚ,CRIÚ,ORG,0.0,0.0,en,1.0
the Elphaba & Glinda,the Elphaba & Glinda,ORG,0.0,0.0,en,1.0
Craftwell Cocktails,Craftwell Cocktails,ORG,0.5,0.0,en,1.0
Craftwell Cocktail,Craftwell Cocktail,ORG,0.0,0.0,en,1.0
LDPE,LDPE,ORG,0.255,0.0,en,1.0
ITO,ITO,ORG,0.0,0.0,en,1.0
UA,UA,ORG,0.0,0.0,en,1.0
ulipristal,ulipristal,ORG,0.0,0.0,en,1.0
Neuropat,Neuropat,ORG,0.0,0.0,en,1.0
DMEM,DMEM,ORG,0.4,0.0,en,1.0
"Xu, H. Multilayer","Xu, H. Multilayer",ORG,0.0,0.0,en,1.0
Louisvilles Muhammad Ali International Airport,Louisvilles Muhammad Ali International Airport,ORG,-0.1,0.0,en,1.0
United Parcel Service,United Parcel Service,ORG,-0.1,0.0,en,1.0
FAA,FAA,ORG,0.0,0.0,en,1.0
Catastrophic',Catastrophic',ORG,-0.13333333333333333,0.0,en,1.0
Sci-Fi Stories,Sci-Fi Stories,ORG,-0.2,0.0,en,1.0
TMZ,TMZ,ORG,-0.125,0.0,en,1.0
Big Dean,Big Dean,ORG,0.33,0.0,en,1.0
Family Features),Family Features),ORG,-0.10000000000000003,0.0,en,1.0
DBG,DBG,ORG,0.3375,0.0,en,1.0
Warriors,Warriors,ORG,0.09166666666666669,0.0,en,1.0
the State of Wildfires,the State of Wildfires,ORG,0.13636363636363635,0.0,en,1.0
Burnt Toast Theory,Burnt Toast Theory,ORG,-0.075,0.0,en,1.0
Primland Res,Primland Res,ORG,-0.2,0.0,en,1.0
Parmigiano-Reggiano,Parmigiano-Reggiano,ORG,-0.1,0.0,en,1.0
fede,fede,ORG,0.3232323232323232,0.0,en,1.0
the Arc Institute Stem Cell Research Oversight Com,the Arc Institute Stem Cell Research Oversight Com,ORG,0.0,0.0,en,1.0
Scriptnotes,Scriptnotes,ORG,0.0,0.0,en,1.0
The Weather Network,The Weather Network,ORG,0.0,0.0,en,1.0
LGH,LGH,ORG,0.0,0.0,en,1.0
Ossa Super Pioneer,Ossa Super Pioneer,ORG,0.16666666666666666,0.0,en,1.0
UPS Plane Crash,UPS Plane Crash,ORG,0.1,0.0,en,1.0
Time,Time,ORG,0.125,0.0,en,1.0
PGA Tour,PGA Tour,ORG,0.3,0.0,en,1.0
Griffin,Griffin,ORG,0.0,0.0,en,1.0
Zion,Zion,ORG,0.0,0.0,en,1.0
Theater,Theater,ORG,-0.3499999999999999,0.0,en,1.0
Give Thanks Party,Give Thanks Party,ORG,0.3672727272727273,0.0,en,1.0
Breathing Issues,Breathing Issues,ORG,0.19999999999999998,0.0,en,1.0
Drosera regina,Drosera regina,ORG,0.0,0.0,en,1.0
Lightspeed Magazine,Lightspeed Magazine,ORG,0.4,0.0,en,1.0
the Wellcome Trust,the Wellcome Trust,ORG,0.1,0.0,en,1.0
Voice of the Free,Voice of the Free,ORG,0.04999999999999999,0.0,en,1.0
BP,BP,ORG,0.16,0.0,en,1.0
the Museum of Jesus’,the Museum of Jesus’,ORG,0.0,0.0,en,1.0
Museum of Jesus,Museum of Jesus,ORG,0.0,0.0,en,1.0
the countrys weather bureau,the countrys weather bureau,ORG,0.03333333333333333,0.0,en,1.0
FUS,FUS,ORG,0.0,0.0,en,1.0
NGM,NGM,ORG,-0.16666666666666666,0.0,en,1.0
LUNR,LUNR,ORG,0.13636363636363635,0.0,en,1.0
"Intuitive Machines,","Intuitive Machines,",ORG,0.13636363636363635,0.0,en,1.0
"BBC News
","BBC News
",ORG,0.0,0.0,en,1.0
Mart,Mart,ORG,0.024999999999999994,0.0,en,1.0
Getty Images,Getty Images,ORG,0.024999999999999994,0.0,en,1.0
Newsweek,Newsweek,ORG,0.0,0.0,en,1.0
B-29 Strategic Operations,B-29 Strategic Operations,ORG,0.0,0.0,en,1.0
Getting Dehydrated,Getting Dehydrated,ORG,0.0,0.0,en,1.0
Island Operations,Island Operations,ORG,0.0,0.0,en,1.0
Kidney Kitchen,Kidney Kitchen,ORG,0.1,0.0,en,1.0
Forget,Forget,ORG,-0.20833333333333331,0.0,en,1.0
Bangko,Bangko,ORG,0.0,0.0,en,1.0
Newstalk,Newstalk,ORG,0.24333333333333335,0.0,en,1.0
Farmer,Farmer,ORG,0.24333333333333335,0.0,en,1.0
COLDEX,COLDEX,ORG,0.03333333333333333,0.0,en,1.0
the Center for Oldest Ice Exploration,the Center for Oldest Ice Exploration,ORG,0.03333333333333333,0.0,en,1.0
Mitsubishi,Mitsubishi,ORG,0.3,0.0,en,1.0
The Paul John Visitor Centre,The Paul John Visitor Centre,ORG,0.525,0.0,en,1.0
bloodstream</li,bloodstream</li,ORG,0.8,0.0,en,1.0
Down Under,Down Under,ORG,-0.18444444444444447,0.0,en,1.0
Nouvelle Vague Review,Nouvelle Vague Review,ORG,0.03409090909090909,0.0,en,1.0
the Chicago Teachers Union,the Chicago Teachers Union,ORG,0.0,0.0,en,1.0
The Hechinger Report,The Hechinger Report,ORG,0.125,0.0,en,1.0
Checkout,Checkout,ORG,0.0,0.0,en,1.0
Magic,Magic,ORG,0.09166666666666669,0.0,en,1.0
ENSO,ENSO,ORG,-0.03571428571428571,0.0,en,1.0
"Davis, D. P. Climate Change:","Davis, D. P. Climate Change:",ORG,-0.05,0.0,en,1.0
"Pexels/Reddit
Leaders","Pexels/Reddit
Leaders",ORG,-0.6,0.0,en,1.0
DeMilked,DeMilked,ORG,0.2833333333333334,0.0,en,1.0
Baseball,Baseball,ORG,0.5,0.0,en,1.0
Cy Young,Cy Young,ORG,0.3,0.0,en,1.0
MVP,MVP,ORG,0.3,0.0,en,1.0
the Paris Agreement,the Paris Agreement,ORG,0.25,0.0,en,1.0
the Global Ethical Stocktake,the Global Ethical Stocktake,ORG,0.047272727272727265,0.0,en,1.0
Review Bias,Review Bias,ORG,0.0,0.0,en,1.0
"University of the Witwatersrand
","University of the Witwatersrand
",ORG,0.29545454545454547,0.0,en,1.0
University of the Witwatersrand,University of the Witwatersrand,ORG,0.29545454545454547,0.0,en,1.0
Global Civilisation Initiative,Global Civilisation Initiative,ORG,0.0,0.0,en,1.0
Asean,Asean,ORG,0.0,0.0,en,1.0
CE,CE,ORG,0.0,0.0,en,1.0
IBARAKI,IBARAKI,ORG,-0.0375,0.0,en,1.0
Quantum Flowers & Foods,Quantum Flowers & Foods,ORG,-0.0375,0.0,en,1.0
PLoS One,PLoS One,ORG,0.0,0.0,en,1.0
"Ultra-Processed Foods: Concerns, Controversies","Ultra-Processed Foods: Concerns, Controversies",ORG,0.0,0.0,en,1.0
N=10,N=10,ORG,0.0,0.0,en,1.0
the Institutional Animal Care and Use Committees,the Institutional Animal Care and Use Committees,ORG,0.0,0.0,en,1.0
Universal,Universal,ORG,0.0,0.0,en,1.0
PlayStation,PlayStation,ORG,0.4,0.0,en,1.0
"several Sustainable Development Goals (S… Abstract
Climate","several Sustainable Development Goals (S… Abstract
Climate",ORG,-0.041666666666666664,0.0,en,1.0
Lancet Public Heal9,Lancet Public Heal9,ORG,0.0,0.0,en,1.0
Vanderbilt University,Vanderbilt University,ORG,0.0,0.0,en,1.0
Inside Climate News,Inside Climate News,ORG,0.375,0.0,en,1.0
Mater.7,Mater.7,ORG,0.0,0.0,en,1.0
ProPublica,ProPublica,ORG,-0.004545454545454547,0.0,en,1.0
Climate Disasters,Climate Disasters,ORG,-0.2,0.0,en,1.0
Anti-Green Agenda Could Lead,Anti-Green Agenda Could Lead,ORG,0.5,0.0,en,1.0
IEA,IEA,ORG,-0.16666666666666666,0.0,en,1.0
Angerer/,Angerer/,ORG,0.0,0.0,en,1.0
the World Wide Technology Championship,the World Wide Technology Championship,ORG,-0.1,0.0,en,1.0
Butterfield Bermuda Championship,Butterfield Bermuda Championship,ORG,0.0,0.0,en,1.0
NHS Research Ethics Committee,NHS Research Ethics Committee,ORG,0.05,0.0,en,1.0
Cavs,Cavs,ORG,0.4,0.0,en,1.0
Stanford University,Stanford University,ORG,0.0,0.0,en,1.0
the UN Framework Convent,the UN Framework Convent,ORG,0.0,0.0,en,1.0
Keihin,Keihin,ORG,-0.03571428571428571,0.0,en,1.0
Brew Solar Powered Coffee,Brew Solar Powered Coffee,ORG,0.0,0.0,en,1.0
The Sun,The Sun,ORG,0.2,0.0,en,1.0
Gaggia,Gaggia,ORG,0.40606060606060607,0.0,en,1.0
Olympic Air,Olympic Air,ORG,0.5,0.0,en,1.0
NSD,NSD,ORG,0.2,0.0,en,1.0
w/Texas Sidecar Company,w/Texas Sidecar Company,ORG,0.0,0.0,en,1.0
Solar Panels,Solar Panels,ORG,0.0,0.0,en,1.0
basketbal,basketbal,ORG,-0.13333333333333333,0.0,en,1.0
Miami Heat,Miami Heat,ORG,0.06444444444444444,0.0,en,1.0
SSC,SSC,ORG,0.08,0.0,en,1.0
Energy,Energy,ORG,0.0,0.0,en,1.0
Taco Bell,Taco Bell,ORG,0.11818181818181818,0.0,en,1.0
sce,sce,ORG,0.0,0.0,en,1.0
N/A Cosmopolitan,N/A Cosmopolitan,ORG,0.26666666666666666,0.0,en,1.0
Philly,Philly,ORG,0.16818181818181818,0.0,en,1.0
TSSAA,TSSAA,ORG,-0.4,0.0,en,1.0
Mustang,Mustang,ORG,0.0,0.0,en,1.0
Hollywood Studios,Hollywood Studios,ORG,0.45,0.0,en,1.0
The American Society of Landscape Architects,The American Society of Landscape Architects,ORG,0.0,0.0,en,1.0
UPSC Key:,UPSC Key:,ORG,0.1,0.0,en,1.0
Solutions to Climate Change and Biodiversity Loss,Solutions to Climate Change and Biodiversity Loss,ORG,0.0,0.0,en,1.0
Landscape Architects Will Show How Design Improves Nature,Landscape Architects Will Show How Design Improves Nature,ORG,0.0,0.0,en,1.0
Trends Plant Sci,Trends Plant Sci,ORG,0.0,0.0,en,1.0
Yamaguchi-Shinozaki K. Transcriptional,Yamaguchi-Shinozaki K. Transcriptional,ORG,0.0,0.0,en,1.0
Sato H,Sato H,ORG,0.0,0.0,en,1.0
C45,C45,ORG,0.3,0.0,en,1.0
Daily Skeptic,Daily Skeptic,ORG,0.0625,0.0,en,1.0
Honda Z50A Mini Trail,Honda Z50A Mini Trail,ORG,0.0,0.0,en,1.0
spre,spre,ORG,0.0,0.0,en,1.0
Yamaha,Yamaha,ORG,0.0,0.0,en,1.0
CVT,CVT,ORG,-0.047619047619047616,0.0,en,1.0
Christian Dior Limited Edition,Christian Dior Limited Edition,ORG,-0.03571428571428571,0.0,en,1.0
Vespa,Vespa,ORG,-0.03571428571428571,0.0,en,1.0
UPSC,UPSC,ORG,0.4,0.0,en,1.0
National Legal Services Day,National Legal Services Day,ORG,0.1,0.0,en,1.0
WireImage,WireImage,ORG,0.024999999999999994,0.0,en,1.0
the Literary Outdoorsmen,the Literary Outdoorsmen,ORG,0.05,0.0,en,1.0
Nikita YadavBBC News,Nikita YadavBBC News,ORG,0.3333333333333333,0.0,en,1.0
Femenia T,Femenia T,ORG,0.7,0.0,en,1.0
the Land of Broken Dreams,the Land of Broken Dreams,ORG,-0.26666666666666666,0.0,en,1.0
"Hunan SJA Laboratory Animal Co.,","Hunan SJA Laboratory Animal Co.,",ORG,-0.14285714285714285,0.0,en,1.0
WoodAmazon,WoodAmazon,ORG,0.09545454545454546,0.0,en,1.0
FBS,FBS,ORG,0.25,0.0,en,1.0
Best Roald Dahl Film Adaptations,Best Roald Dahl Film Adaptations,ORG,1.0,0.0,en,1.0
Walmart,Walmart,ORG,0.31428571428571433,0.0,en,1.0
Xinhua / Alamy,Xinhua / Alamy,ORG,-0.024999999999999998,0.0,en,1.0
Wildfires,Wildfires,ORG,-0.024999999999999998,0.0,en,1.0
FTC,FTC,ORG,0.14545454545454545,0.0,en,1.0
Trumps,Trumps,ORG,0.14545454545454545,0.0,en,1.0
Zooms,Zooms,ORG,0.0,0.0,en,1.0
I.I,I.I,ORG,-0.1875,0.0,en,1.0
Evergreen,Evergreen,ORG,0.1,0.0,en,1.0
Innovative Technology,Innovative Technology,ORG,0.5,0.0,en,1.0
PURESOLV,PURESOLV,ORG,0.5,0.0,en,1.0
Isla AG,Isla AG,ORG,0.7,0.0,en,1.0
L.P. Declares,L.P. Declares,ORG,0.0,0.0,en,1.0
pRSFDuet_His,pRSFDuet_His,ORG,0.0,0.0,en,1.0
New Orleans Saints',New Orleans Saints',ORG,0.13318181818181818,0.0,en,1.0
acco,acco,ORG,0.25,0.0,en,1.0
Matt McGrathBBC,Matt McGrathBBC,ORG,0.25,0.0,en,1.0
"Cocktail, Carajillo de la Muerte","Cocktail, Carajillo de la Muerte",ORG,0.9,0.0,en,1.0
+21095,+21095,ORG,0.0,0.0,en,1.0
Verge,Verge,ORG,0.0,0.0,en,1.0
Porsches,Porsches,ORG,0.35,0.0,en,1.0
Ferraris,Ferraris,ORG,0.35,0.0,en,1.0
OpenAI Needs,OpenAI Needs,ORG,0.0,0.0,en,1.0
negeative energy & more,negeative energy & more,ORG,0.75,0.0,en,1.0
The Environment Agency,The Environment Agency,ORG,0.225,0.0,en,1.0
Seminole Gambling Establishment Hotel Immokalee Programs,Seminole Gambling Establishment Hotel Immokalee Programs,ORG,-0.2,0.0,en,1.0
Stargate AI,Stargate AI,ORG,-0.1,0.0,en,1.0
Palmer,Palmer,ORG,0.05,0.0,en,1.0
Clean Air Fund,Clean Air Fund,ORG,0.3666666666666667,0.0,en,1.0
Kamara,Kamara,ORG,0.25,0.0,en,1.0
Fisher,Fisher,ORG,0.4,0.0,en,1.0
K11/K48,K11/K48,ORG,0.0,0.0,en,1.0
S. E. &amp,S. E. &amp,ORG,0.0,0.0,en,1.0
AllEars,AllEars,ORG,0.037500000000000006,0.0,en,1.0
the Mises Institute,the Mises Institute,ORG,0.21944444444444441,0.0,en,1.0
the Infantilization of Culture,the Infantilization of Culture,ORG,0.0,0.0,en,1.0
"Pexels/Reddit
","Pexels/Reddit
",ORG,0.35,0.0,en,1.0
the University of Tokyo,the University of Tokyo,ORG,0.3333333333333333,0.0,en,1.0
7-Eleven Hawaii Cinnamon,7-Eleven Hawaii Cinnamon,ORG,0.16666666666666666,0.0,en,1.0
Natural Gas Industry,Natural Gas Industry,ORG,-0.05000000000000001,0.0,en,1.0
the U.S. Marine Corps,the U.S. Marine Corps,ORG,0.3666666666666667,0.0,en,1.0
Military Dramedy,Military Dramedy,ORG,0.12499999999999999,0.0,en,1.0
Hearst Magazines,Hearst Magazines,ORG,0.0,0.0,en,1.0
"MtnClimber
","MtnClimber
",ORG,-0.2318181818181818,0.0,en,1.0
ResearchAndMarkets.com,ResearchAndMarkets.com,ORG,0.0,0.0,en,1.0
"The ""India Air Conditioner Market Size and Share Analysis - Growth Trends and Forecast Report","The ""India Air Conditioner Market Size and Share Analysis - Growth Trends and Forecast Report",ORG,0.0,0.0,en,1.0
CAGR,CAGR,ORG,0.0,0.0,en,1.0
The India Air Conditioner Market,The India Air Conditioner Market,ORG,0.0,0.0,en,1.0
Energy-Efficient Technologies Drive Demand,Energy-Efficient Technologies Drive Demand,ORG,0.0,0.0,en,1.0
We Crowned the Top Chicken Strips,We Crowned the Top Chicken Strips,ORG,0.037500000000000006,0.0,en,1.0
U34,U34,ORG,0.0,0.0,en,1.0
K11/,K11/,ORG,0.0,0.0,en,1.0
β-catenin,β-catenin,ORG,0.06666666666666667,0.0,en,1.0
Matthews ER,Matthews ER,ORG,0.0,0.0,en,1.0
The Bambu P2S,The Bambu P2S,ORG,0.375,0.0,en,1.0
The Bambu Lab P2S,The Bambu Lab P2S,ORG,0.25,0.0,en,1.0
the Bambu Lab P2S,the Bambu Lab P2S,ORG,1.0,0.0,en,1.0
Mardie,Mardie,ORG,-0.1,0.0,en,1.0
WWE,WWE,ORG,0.5,0.0,en,1.0
WWE Raw,WWE Raw,ORG,-0.25961538461538464,0.0,en,1.0
WWE Raw Review,WWE Raw Review,ORG,-0.06538461538461539,0.0,en,1.0
PilB,PilB,ORG,-0.125,0.0,en,1.0
constru,constru,ORG,-0.08333333333333333,0.0,en,1.0
Franken,Franken,ORG,0.375,0.0,en,1.0
the Truth Behind Tylenol,the Truth Behind Tylenol,ORG,0.04999999999999999,0.0,en,1.0
the Medical Experimental Animal Care Commission of Zhejiang University,the Medical Experimental Animal Care Commission of Zhejiang University,ORG,0.06666666666666667,0.0,en,1.0
the Guide for the Care and Use of Laboratory Animals,the Guide for the Care and Use of Laboratory Animals,ORG,0.06666666666666667,0.0,en,1.0
translat,translat,ORG,0.06666666666666667,0.0,en,1.0
+10755,+10755,ORG,0.0,0.0,en,1.0
AEW WrestleDream Preview,AEW WrestleDream Preview,ORG,0.0,0.0,en,1.0
Clash Royale,Clash Royale,ORG,0.0,0.0,en,1.0
iPhone Air,iPhone Air,ORG,0.3181818181818182,0.0,en,1.0
Mercedes-Benz 450SEL 6.9,Mercedes-Benz 450SEL 6.9,ORG,0.17045454545454544,0.0,en,1.0
AEW Collision Unbiased Review,AEW Collision Unbiased Review,ORG,0.16666666666666669,0.0,en,1.0
Line25,Line25,ORG,0.0,0.0,en,1.0
Casino Outfits &amp,Casino Outfits &amp,ORG,-0.03125000000000003,0.0,en,1.0
Pellicciotti,Pellicciotti,ORG,0.0,0.0,en,1.0
leas,leas,ORG,-0.3,0.0,en,1.0
BLUETTI MultiCooler,BLUETTI MultiCooler,ORG,0.025,0.0,en,1.0
The Ultimate Location Power and Cooling Solution for Photographers,The Ultimate Location Power and Cooling Solution for Photographers,ORG,0.0,0.0,en,1.0
Roasted squash,Roasted squash,ORG,0.0,0.0,en,1.0
"The Wild Man Within, Nature","The Wild Man Within, Nature",ORG,0.011111111111111118,0.0,en,1.0
Northern Australia,Northern Australia,ORG,0.0,0.0,en,1.0
Business Insider's,Business Insider's,ORG,0.375,0.0,en,1.0
the Business Insider Today,the Business Insider Today,ORG,0.375,0.0,en,1.0
San Diego State University,San Diego State University,ORG,0.17708333333333334,0.0,en,1.0
Yellowstone Prong,Yellowstone Prong,ORG,0.2525,0.0,en,1.0
The Odd Symmetry Between Earth’s Northern,The Odd Symmetry Between Earth’s Northern,ORG,-0.10740740740740741,0.0,en,1.0
Sustainable Options,Sustainable Options,ORG,0.5,0.0,en,1.0
the Bureau of Meteorology's,the Bureau of Meteorology's,ORG,0.0,0.0,en,1.0
BeatBox,BeatBox,ORG,0.0,0.0,en,1.0
"IMC
","IMC
",ORG,0.0,0.0,en,1.0
BASEC,BASEC,ORG,0.13333333333333333,0.0,en,1.0
EKNZ,EKNZ,ORG,0.13333333333333333,0.0,en,1.0
the Ethical Committee of Northwest,the Ethical Committee of Northwest,ORG,0.13333333333333333,0.0,en,1.0
Gamblor,Gamblor,ORG,-1.0,0.0,en,1.0
Hewlett Packard Enterprise,Hewlett Packard Enterprise,ORG,0.26512987012987016,0.0,en,1.0
Navy,Navy,ORG,-0.012499999999999997,0.0,en,1.0
Dragon Quest I & II,Dragon Quest I & II,ORG,0.5833333333333334,0.0,en,1.0
McKinseys Future of Wellness,McKinseys Future of Wellness,ORG,0.3,0.0,en,1.0
Paint Stainless Steel,Paint Stainless Steel,ORG,0.2,0.0,en,1.0
Hell,Hell,ORG,-0.0698051948051948,0.0,en,1.0
O’Neill,O’Neill,ORG,0.05,0.0,en,1.0
Chillitas,Chillitas,ORG,0.0,0.0,en,1.0
BeatBox Beverages,BeatBox Beverages,ORG,0.0,0.0,en,1.0
Chillitas RTD,Chillitas RTD,ORG,0.0,0.0,en,1.0
Rutgers University,Rutgers University,ORG,0.14583333333333331,0.0,en,1.0
Chef Art Smith's,Chef Art Smith's,ORG,0.21818181818181817,0.0,en,1.0
Chef Art Smith,Chef Art Smith,ORG,0.13636363636363635,0.0,en,1.0
NEW Menu Items Debut,NEW Menu Items Debut,ORG,0.13636363636363635,0.0,en,1.0
the U.S. Department,the U.S. Department,ORG,0.65,0.0,en,1.0
AHA,AHA,ORG,0.65,0.0,en,1.0
National Council on Food and Family,National Council on Food and Family,ORG,0.65,0.0,en,1.0
Health Testing,Health Testing,ORG,0.0,0.0,en,1.0
Suranjana TewariAsia,Suranjana TewariAsia,ORG,0.13636363636363635,0.0,en,1.0
the Carolina Panthers,the Carolina Panthers,ORG,0.0,0.0,en,1.0
Panthers,Panthers,ORG,0.0,0.0,en,1.0
Justin Fields,Justin Fields,ORG,0.0,0.0,en,1.0
Humourwordpress.com,Humourwordpress.com,ORG,0.08000000000000002,0.0,en,1.0
World Food,World Food,ORG,-0.06060606060606061,0.0,en,1.0
Attica & western,Attica & western,ORG,-0.05,0.0,en,1.0
AEW WrestleDream Live:,AEW WrestleDream Live:,ORG,0.4681818181818182,0.0,en,1.0
mercedes,mercedes,ORG,-0.04999999999999999,0.0,en,1.0
Mercedes Money Breaks Ultimo Dragon Record,Mercedes Money Breaks Ultimo Dragon Record,ORG,0.13636363636363635,0.0,en,1.0
AEW WrestleDream Live,AEW WrestleDream Live,ORG,0.13636363636363635,0.0,en,1.0
Healt… Mercola,Healt… Mercola,ORG,0.65,0.0,en,1.0
Signal,Signal,ORG,0.0,0.0,en,1.0
the Ecology of Ownership,the Ecology of Ownership,ORG,0.0,0.0,en,1.0
Celebrate Día De Los Muertos With These Creative Cocktails,Celebrate Día De Los Muertos With These Creative Cocktails,ORG,0.5,0.0,en,1.0
AEW Dynamite Review,AEW Dynamite Review,ORG,0.0,0.0,en,1.0
"ANNIKA HAMMERSCHLAG
","ANNIKA HAMMERSCHLAG
",ORG,0.08333333333333333,0.0,en,1.0
HAZ,HAZ,ORG,0.18333333333333335,0.0,en,1.0
Día de Los Muertos,Día de Los Muertos,ORG,0.3,0.0,en,1.0
Lunar Beverage Collection,Lunar Beverage Collection,ORG,0.06818181818181818,0.0,en,1.0
Día de los Muertos,Día de los Muertos,ORG,0.06818181818181818,0.0,en,1.0
homethat,homethat,ORG,0.0,0.0,en,1.0
City Works Eatery & Pour House,City Works Eatery & Pour House,ORG,0.0,0.0,en,1.0
"Getty
","Getty
",ORG,0.0,0.0,en,1.0
Irrigation Techniques Share,Irrigation Techniques Share,ORG,-0.15454545454545454,0.0,en,1.0
New Scientist,New Scientist,ORG,0.24318181818181817,0.0,en,1.0
BAY OF RANOBE,BAY OF RANOBE,ORG,1.0,0.0,en,1.0
Telebrands Corp.,Telebrands Corp.,ORG,0.0,0.0,en,1.0
NACHOS,NACHOS,ORG,0.125,0.0,en,1.0
PS,PS,ORG,0.0,0.0,en,1.0
Solutions (The Pew Center on Global Climate Change,Solutions (The Pew Center on Global Climate Change,ORG,-0.05,0.0,en,1.0
Wirtz,Wirtz,ORG,-0.2625,0.0,en,1.0
Renmark,Renmark,ORG,0.06818181818181818,0.0,en,1.0
Feel-Good Ice Hockey Romances,Feel-Good Ice Hockey Romances,ORG,-0.19999999999999998,0.0,en,1.0
the Bureau of Meteorolo,the Bureau of Meteorolo,ORG,0.0,0.0,en,1.0
CFS,CFS,ORG,0.0,0.0,en,1.0
the Country Fire Service,the Country Fire Service,ORG,0.18,0.0,en,1.0
MetraWeather,MetraWeather,ORG,0.0,0.0,en,1.0
Battletech,Battletech,ORG,0.0,0.0,en,1.0
BBC Sport's,BBC Sport's,ORG,0.24888888888888888,0.0,en,1.0
Getty,Getty,ORG,0.215,0.0,en,1.0
gpointstudio/Getty,gpointstudio/Getty,ORG,0.0,0.0,en,1.0
D-CBS,D-CBS,ORG,0.0,0.0,en,1.0
Jazz,Jazz,ORG,0.0,0.0,en,1.0
the Heat Stress Scale,the Heat Stress Scale,ORG,-0.03125,0.0,en,1.0
Union Budget 2026,Union Budget 2026,ORG,0.0,0.0,en,1.0
MELBOURNE,MELBOURNE,ORG,0.16999999999999998,0.0,en,1.0
‌temperatures,‌temperatures,ORG,0.125,0.0,en,1.0
Rolling Stone,Rolling Stone,ORG,0.0,0.0,en,1.0
Ouyen,Ouyen,ORG,0.0,0.0,en,1.0
Tennis-Players,Tennis-Players,ORG,-0.041666666666666664,0.0,en,1.0
the U.S. Parts of Australia,the U.S. Parts of Australia,ORG,-0.16666666666666666,0.0,en,1.0
hotand,hotand,ORG,0.010000000000000009,0.0,en,1.0
Clippers,Clippers,ORG,0.0,0.0,en,1.0
Finale Recap,Finale Recap,ORG,0.5,0.0,en,1.0
Chevrolet,Chevrolet,ORG,0.0,0.0,en,1.0
The Swedish Royal Academy of Sciences,The Swedish Royal Academy of Sciences,ORG,0.0,0.0,en,1.0
+32139,+32139,ORG,0.6,0.0,en,1.0
ro,ro,ORG,0.6,0.0,en,1.0
the Doomsday Clock,the Doomsday Clock,ORG,0.0,0.0,en,1.0
Gellibrand,Gellibrand,ORG,0.1,0.0,en,1.0
Otways,Otways,ORG,0.0,0.0,en,1.0
CABC News,CABC News,ORG,0.12916666666666668,0.0,en,1.0
C - ABC News,C - ABC News,ORG,0.1,0.0,en,1.0
Warm Homes Plan,Warm Homes Plan,ORG,0.061111111111111095,0.0,en,1.0
Milano Cortina,Milano Cortina,ORG,0.0,0.0,en,1.0
Snowmakers,Snowmakers,ORG,0.0,0.0,en,1.0
‌under,‌under,ORG,0.125,0.0,en,1.0
‌injuring,‌injuring,ORG,0.05,0.0,en,1.0
Phys.309,Phys.309,ORG,0.0,0.0,en,1.0
Ms Newport,Ms Newport,ORG,0.6,0.0,en,1.0
European Copernicus Climate Change Service,European Copernicus Climate Change Service,ORG,0.0,0.0,en,1.0
"Heat Stroke Prevention and Nutrition Supplement : Food, Beverages & Alcohol","Heat Stroke Prevention and Nutrition Supplement : Food, Beverages & Alcohol",ORG,0.0,0.0,en,1.0
Marukome Freeze-Dried,Marukome Freeze-Dried,ORG,0.0,0.0,en,1.0
Rheum nobile,Rheum nobile,ORG,0.0,0.0,en,1.0
CIA,CIA,ORG,0.0,0.0,en,1.0
HFT,HFT,ORG,0.0,0.0,en,1.0
SC,SC,ORG,0.0,0.0,en,1.0
Ukrainian Service,Ukrainian Service,ORG,0.26666666666666666,0.0,en,1.0
RFE/RL's,RFE/RL's,ORG,0.26666666666666666,0.0,en,1.0
Study Warns,Study Warns,ORG,0.0,0.0,en,1.0
Takeaway Coffees May Contain,Takeaway Coffees May Contain,ORG,0.0,0.0,en,1.0
Vívido,Vívido,ORG,0.3,0.0,en,1.0
Pina Coladas,Pina Coladas,ORG,0.0,0.0,en,1.0
Blankets,Blankets,ORG,-0.1,0.0,en,1.0
Premier Validation Laboratory,Premier Validation Laboratory,ORG,-0.3625,0.0,en,1.0
SkS Weekly Climate Change & Global Warming News Roundup,SkS Weekly Climate Change & Global Warming News Roundup,ORG,0.0,0.0,en,1.0
Bruna CabralRIO DE JANEIRO,Bruna CabralRIO DE JANEIRO,ORG,-0.1,0.0,en,1.0
Western Australia,Western Australia,ORG,-0.025,0.0,en,1.0
& Trump,& Trump,ORG,0.0,0.0,en,1.0
MetraWeat,MetraWeat,ORG,0.0,0.0,en,1.0
Heated Rivalry,Heated Rivalry,ORG,0.13749999999999998,0.0,en,1.0
Wolf Parade,Wolf Parade,ORG,0.13749999999999998,0.0,en,1.0
Diet,Diet,ORG,0.17992424242424243,0.0,en,1.0
Chef Telly Justice Talks Heated Rivalry Over Dinner,Chef Telly Justice Talks Heated Rivalry Over Dinner,ORG,0.0,0.0,en,1.0
the Truth About Squirrel Behavior,the Truth About Squirrel Behavior,ORG,0.14814814814814814,0.0,en,1.0
HBO,HBO,ORG,0.30833333333333335,0.0,en,1.0
La Niña,La Niña,ORG,0.15606060606060607,0.0,en,1.0
Eu,Eu,ORG,0.16666666666666666,0.0,en,1.0
FAQ,FAQ,ORG,0.375,0.0,en,1.0
"Constable, G. &amp","Constable, G. &amp",ORG,0.0,0.0,en,1.0
Sewell,Sewell,ORG,0.0,0.0,en,1.0
Warner Bros.,Warner Bros.,ORG,0.0,0.0,en,1.0
Climate Depot,Climate Depot,ORG,0.0,0.0,en,1.0
Princeton,Princeton,ORG,0.0,0.0,en,1.0
Ann,Ann,ORG,0.0,0.0,en,1.0
World Meteorological Organization (WMO,World Meteorological Organization (WMO,ORG,0.0,0.0,en,1.0
Returning Contestants,Returning Contestants,ORG,0.04545454545454545,0.0,en,1.0
Wigan Athletic,Wigan Athletic,ORG,-0.20000000000000004,0.0,en,1.0
Arsenal v Wigan,Arsenal v Wigan,ORG,-0.3,0.0,en,1.0
Post,Post,ORG,-0.075,0.0,en,1.0
Bottle,Bottle,ORG,0.0,0.0,en,1.0
gl,gl,ORG,0.0,0.0,en,1.0
Long-Standing Climate Change Finding,Long-Standing Climate Change Finding,ORG,0.6,0.0,en,1.0
Amnesty International UK’s,Amnesty International UK’s,ORG,0.004571428571428571,0.0,en,1.0
Exper… Civil Defence,Exper… Civil Defence,ORG,-0.25833333333333336,0.0,en,1.0
Civil Defence,Civil Defence,ORG,0.0,0.0,en,1.0
Pitt,Pitt,ORG,0.0,0.0,en,1.0
PTMC,PTMC,ORG,0.0,0.0,en,1.0
full‑spectrum,full‑spectrum,ORG,0.2872727272727273,0.0,en,1.0
reefs,reefs,ORG,-1.0,0.0,en,1.0
Aljazeera,Aljazeera,ORG,0.13333333333333336,0.0,en,1.0
Trump Epstein,Trump Epstein,ORG,0.0,0.0,en,1.0
The Fiji Times,The Fiji Times,ORG,0.25,0.0,en,1.0
XI,XI,ORG,-0.20000000000000004,0.0,en,1.0
the Dangers and Prevention,the Dangers and Prevention,ORG,0.16,0.0,en,1.0
npj Urban Sustain.5,npj Urban Sustain.5,ORG,0.0,0.0,en,1.0
Western Türkiye,Western Türkiye,ORG,0.0,0.0,en,1.0
York Post,York Post,ORG,0.024999999999999994,0.0,en,1.0
State Farm Arena,State Farm Arena,ORG,-0.11249999999999999,0.0,en,1.0
The Atlanta Hawks,The Atlanta Hawks,ORG,-0.11249999999999999,0.0,en,1.0
Heinke CL,Heinke CL,ORG,0.4,0.0,en,1.0
ALS,ALS,ORG,0.26666666666666666,0.0,en,1.0
Battle of the Clubs,Battle of the Clubs,ORG,0.0,0.0,en,1.0
Delhi Weather,Delhi Weather,ORG,0.2,0.0,en,1.0
Nature456,Nature456,ORG,0.0,0.0,en,1.0
&gt,&gt,ORG,0.0,0.0,en,1.0
Manning,Manning,ORG,0.0,0.0,en,1.0
Pb-S,Pb-S,ORG,0.15,0.0,en,1.0
E. M. &amp,E. M. &amp,ORG,0.0,0.0,en,1.0
The University of East Anglia Discovers the Urban Heat Island Effect,The University of East Anglia Discovers the Urban Heat Island Effect,ORG,0.0,0.0,en,1.0
magnetostatic properties,magnetostatic properties,ORG,0.0,0.0,en,1.0
Apocalypse Now,Apocalypse Now,ORG,0.15,0.0,en,1.0
The Hershey Company,The Hershey Company,ORG,0.13636363636363635,0.0,en,1.0
NY Supreme Court,NY Supreme Court,ORG,0.125,0.0,en,1.0
WMO,WMO,ORG,0.0,0.0,en,1.0
"Heat Stroke Prevention and Nutritional Supplement : Food, Beverages & Alcohol Product Description
","Heat Stroke Prevention and Nutritional Supplement : Food, Beverages & Alcohol Product Description
",ORG,-0.06666666666666667,0.0,en,1.0
Ao-Sasa,Ao-Sasa,ORG,-0.06666666666666667,0.0,en,1.0
Restaurant Quality,Restaurant Quality,ORG,-0.06666666666666667,0.0,en,1.0
MIAMI Bodies,MIAMI Bodies,ORG,0.0,0.0,en,1.0
Hawks,Hawks,ORG,0.0,0.0,en,1.0
Int.184,Int.184,ORG,0.0,0.0,en,1.0
Ozempic,Ozempic,ORG,0.1,0.0,en,1.0
UC S…,UC S…,ORG,0.0,0.0,en,1.0
Popular Science,Popular Science,ORG,0.425,0.0,en,1.0
LG,LG,ORG,0.21428571428571427,0.0,en,1.0
modera,modera,ORG,0.08333333333333336,0.0,en,1.0
Environmental Comfort,Environmental Comfort,ORG,0.0,0.0,en,1.0
The Big Apple,The Big Apple,ORG,-0.05,0.0,en,1.0
The Bureau of Meteoro,The Bureau of Meteoro,ORG,0.0,0.0,en,1.0
+2295,+2295,ORG,-0.2,0.0,en,1.0
Fast Heat,Fast Heat,ORG,-0.275,0.0,en,1.0
Shijimi Instant Miso Soup,Shijimi Instant Miso Soup,ORG,-0.06666666666666667,0.0,en,1.0
Meg,Meg,ORG,0.06818181818181818,0.0,en,1.0
A Guide to Rescue and,A Guide to Rescue and,ORG,0.0,0.0,en,1.0
Hyperconnected Solutions,Hyperconnected Solutions,ORG,0.0,0.0,en,1.0
A Guide to Rescue and Rehabilitation,A Guide to Rescue and Rehabilitation,ORG,0.0,0.0,en,1.0
Gelles,Gelles,ORG,-0.325,0.0,en,1.0
Dev.5,Dev.5,ORG,0.0,0.0,en,1.0
IBM,IBM,ORG,0.0,0.0,en,1.0
meltin,meltin,ORG,0.0,0.0,en,1.0
Stevenson Screens,Stevenson Screens,ORG,0.2916666666666667,0.0,en,1.0
Mother Jones Daily,Mother Jones Daily,ORG,0.2,0.0,en,1.0
Yale,Yale,ORG,0.375,0.0,en,1.0
KYIV,KYIV,ORG,0.2857142857142857,0.0,en,1.0
Meredith,Meredith,ORG,0.0,0.0,en,1.0
"Skipton, Streatham, Carranballac","Skipton, Streatham, Carranballac",ORG,0.0,0.0,en,1.0
West Virginia Dual Team State Championship,West Virginia Dual Team State Championship,ORG,-0.25,0.0,en,1.0
WV Dual Team State Championship,WV Dual Team State Championship,ORG,0.0,0.0,en,1.0
KNMIs,KNMIs,ORG,0.25,0.0,en,1.0
KNMI,KNMI,ORG,-0.05,0.0,en,1.0
"Intellinews
","Intellinews
",ORG,0.0,0.0,en,1.0
Policies,Policies,ORG,0.0,0.0,en,1.0
RIP Scott Adams,RIP Scott Adams,ORG,0.0,0.0,en,1.0
The UK Met Office,The UK Met Office,ORG,-0.025,0.0,en,1.0
Cold Weather Worldwide,Cold Weather Worldwide,ORG,-0.6,0.0,en,1.0
Transforming Homes and Offices,Transforming Homes and Offices,ORG,-0.6,0.0,en,1.0
"Hodoimg / shutterstock
","Hodoimg / shutterstock
",ORG,0.175,0.0,en,1.0
Climate Adaptation,Climate Adaptation,ORG,0.0,0.0,en,1.0
The White House,The White House,ORG,0.2333333333333333,0.0,en,1.0
Vanity Fair's,Vanity Fair's,ORG,0.35,0.0,en,1.0
Permafrost,Permafrost,ORG,0.0,0.0,en,1.0
Xcel,Xcel,ORG,0.0,0.0,en,1.0
the University of Virginia,the University of Virginia,ORG,0.0,0.0,en,1.0
the Environmental Institute,the Environmental Institute,ORG,0.0,0.0,en,1.0
the European Union’s,the European Union’s,ORG,0.125,0.0,en,1.0
mpox,mpox,ORG,0.21818181818181817,0.0,en,1.0
Brita,Brita,ORG,-0.10606060606060608,0.0,en,1.0
Polar Bears,Polar Bears,ORG,0.2583333333333333,0.0,en,1.0
Chocolate,Chocolate,ORG,0.24500000000000002,0.0,en,1.0
UK Met Office Says,UK Met Office Says,ORG,0.25,0.0,en,1.0
1.34C,1.34C,ORG,-0.025,0.0,en,1.0
Stanley,Stanley,ORG,0.0,0.0,en,1.0
McFarlane Toys,McFarlane Toys,ORG,0.04545454545454545,0.0,en,1.0
Matador,Matador,ORG,0.3,0.0,en,1.0
Kopp,Kopp,ORG,0.0,0.0,en,1.0
Rapid,Rapid,ORG,0.0,0.0,en,1.0
Aviations,Aviations,ORG,-0.1125,0.0,en,1.0
"University of Southampton
","University of Southampton
",ORG,-0.25,0.0,en,1.0
Senyar,Senyar,ORG,-0.25,0.0,en,1.0
University of Southampton,University of Southampton,ORG,-0.25,0.0,en,1.0
OG Anunoby,OG Anunoby,ORG,0.29444444444444445,0.0,en,1.0
Children,Children,ORG,0.0,0.0,en,1.0
https://www.amazon.com/dp/B07719X5XC,https://www.amazon.com/dp/B07719X5XC,ORG,0.375,0.0,en,1.0
Thermostat,Thermostat,ORG,-0.1,0.0,en,1.0
Built,Built,ORG,-0.1,0.0,en,1.0
Remote Control,Remote Control,ORG,-0.1,0.0,en,1.0
"tmnt
","tmnt
",ORG,0.0,0.0,en,1.0
Shredder,Shredder,ORG,0.8,0.0,en,1.0
Disney Worlds,Disney Worlds,ORG,0.12499999999999999,0.0,en,1.0
Government House,Government House,ORG,0.14999999999999997,0.0,en,1.0
AGW,AGW,ORG,0.13333333333333333,0.0,en,1.0
American Eagle Ad,American Eagle Ad,ORG,-0.09999999999999999,0.0,en,1.0
Super Rygbi Cymru,Super Rygbi Cymru,ORG,0.3333333333333333,0.0,en,1.0
air force,air force,ORG,0.0,0.0,en,1.0
Less Talk,Less Talk,ORG,0.10833333333333334,0.0,en,1.0
the Heat Pumped Podcast,the Heat Pumped Podcast,ORG,-0.25,0.0,en,1.0
ORLANDO As Heat,ORLANDO As Heat,ORG,0.2375,0.0,en,1.0
"TN Qore Performance,","TN Qore Performance,",ORG,0.0,0.0,en,1.0
"Qore Performance, Inc.","Qore Performance, Inc.",ORG,0.0,0.0,en,1.0
Cooling & Heating Thermoregulation + Hard-Cell Hydration Bladder,Cooling & Heating Thermoregulation + Hard-Cell Hydration Bladder,ORG,0.0,0.0,en,1.0
Qore Performance Launches,Qore Performance Launches,ORG,0.0,0.0,en,1.0
Flex x Cop,Flex x Cop,ORG,0.0,0.0,en,1.0
Spring Fever,Spring Fever,ORG,0.0,0.0,en,1.0
Hulton Archive/Getty,Hulton Archive/Getty,ORG,0.0,0.0,en,1.0
Ma… Water,Ma… Water,ORG,0.0,0.0,en,1.0
Miami Herald,Miami Herald,ORG,0.0,0.0,en,1.0
Keys,Keys,ORG,0.0,0.0,en,1.0
Church Bank,Church Bank,ORG,0.3333333333333333,0.0,en,1.0
Sparking Heated Reactions,Sparking Heated Reactions,ORG,-0.09999999999999999,0.0,en,1.0
Amazons,Amazons,ORG,0.0,0.0,en,1.0
Pentagon Pressers & A,Pentagon Pressers & A,ORG,-0.15454545454545454,0.0,en,1.0
"D.
","D.
",ORG,0.0,0.0,en,1.0
Its Website,Its Website,ORG,0.0,0.0,en,1.0
FedReuters US,FedReuters US,ORG,0.104004329004329,0.0,en,1.0
DowCNBC Investors,DowCNBC Investors,ORG,0.104004329004329,0.0,en,1.0
JPMorgan,JPMorgan,ORG,0.104004329004329,0.0,en,1.0
CNBC,CNBC,ORG,-0.025568181818181823,0.0,en,1.0
Warner Bros,Warner Bros,ORG,-0.20000000000000004,0.0,en,1.0
Paramount,Paramount,ORG,-0.20000000000000004,0.0,en,1.0
Barcelona,Barcelona,ORG,-0.05000000000000002,0.0,en,1.0
Newport,Newport,ORG,0.5666666666666668,0.0,en,1.0
Amorim,Amorim,ORG,0.3333333333333333,0.0,en,1.0
Ayden Heaven,Ayden Heaven,ORG,0.3333333333333333,0.0,en,1.0
"Creative Bloq
","Creative Bloq
",ORG,0.75,0.0,en,1.0
chonky,chonky,ORG,0.3375,0.0,en,1.0
UNICEF,UNICEF,ORG,-0.0375,0.0,en,1.0
Wood Stove Heating Solutions for Hillside and Mountain Homes,Wood Stove Heating Solutions for Hillside and Mountain Homes,ORG,0.0,0.0,en,1.0
AmericaFest,AmericaFest,ORG,0.22499999999999998,0.0,en,1.0
Washington Times,Washington Times,ORG,0.021428571428571422,0.0,en,1.0
Autostraddle,Autostraddle,ORG,0.425,0.0,en,1.0
Heated Rivarly,Heated Rivarly,ORG,-0.1777777777777778,0.0,en,1.0
Williams,Williams,ORG,0.0,0.0,en,1.0
Napier,Napier,ORG,0.16666666666666663,0.0,en,1.0
37C,37C,ORG,0.16666666666666663,0.0,en,1.0
Canterbury,Canterbury,ORG,0.0625,0.0,en,1.0
Nature488,Nature488,ORG,0.0,0.0,en,1.0
the Nonprofit Arts Sector in America,the Nonprofit Arts Sector in America,ORG,0.0,0.0,en,1.0
ScienceDaily,ScienceDaily,ORG,0.0,0.0,en,1.0
BDS,BDS,ORG,0.0,0.0,en,1.0
Trump India,Trump India,ORG,0.0,0.0,en,1.0
NKorea,NKorea,ORG,0.0,0.0,en,1.0
Un,Un,ORG,0.0,0.0,en,1.0
Alego Usonga,Alego Usonga,ORG,0.18333333333333335,0.0,en,1.0
the Boston Raiders,the Boston Raiders,ORG,0.7,0.0,en,1.0
Whanganui Vet Services,Whanganui Vet Services,ORG,0.0,0.0,en,1.0
Property News,Property News,ORG,0.55,0.0,en,1.0
the National Capital Commission,the National Capital Commission,ORG,0.15833333333333333,0.0,en,1.0
the Risk Analysis,the Risk Analysis,ORG,-0.041666666666666664,0.0,en,1.0
The National Capital Commission (NCC,The National Capital Commission (NCC,ORG,-0.3,0.0,en,1.0
the European Cent,the European Cent,ORG,0.0,0.0,en,1.0
Suns,Suns,ORG,0.4,0.0,en,1.0
"Pan, Y. et al","Pan, Y. et al",ORG,0.0,0.0,en,1.0
Lafayette Tavern,Lafayette Tavern,ORG,0.0,0.0,en,1.0
strkes,strkes,ORG,-0.15,0.0,en,1.0
Home & Kitchen,Home & Kitchen,ORG,-0.1214285714285714,0.0,en,1.0
Kindai 407514,Kindai 407514,ORG,-0.1214285714285714,0.0,en,1.0
MetService,MetService,ORG,0.125,0.0,en,1.0
the University of Otago school of physical education,the University of Otago school of physical education,ORG,0.0,0.0,en,1.0
Cooling & Smart App Control,Cooling & Smart App Control,ORG,0.07142857142857142,0.0,en,1.0
Smart Portable Air Conditioner,Smart Portable Air Conditioner,ORG,0.21428571428571427,0.0,en,1.0
Midea,Midea,ORG,0.21428571428571427,0.0,en,1.0
StarBurst Aces Extreme Temperature Tests,StarBurst Aces Extreme Temperature Tests,ORG,-0.125,0.0,en,1.0
Klitschko,Klitschko,ORG,0.0,0.0,en,1.0
French Montana & Max B,French Montana & Max B,ORG,0.21212121212121213,0.0,en,1.0
SPCA,SPCA,ORG,0.5,0.0,en,1.0
Kaseya,Kaseya,ORG,0.15,0.0,en,1.0
Dryer,Dryer,ORG,-0.065625,0.0,en,1.0
Reclaim Fluff,Reclaim Fluff,ORG,-0.065625,0.0,en,1.0
Digital,Digital,ORG,-0.175,0.0,en,1.0
the Japan Meteorological Agency,the Japan Meteorological Agency,ORG,-0.24000000000000005,0.0,en,1.0
the Young Playwrights Festival (,the Young Playwrights Festival (,ORG,0.1,0.0,en,1.0
Chicago Dramatists,Chicago Dramatists,ORG,0.15568181818181817,0.0,en,1.0
Pegasus Theatre Chicago,Pegasus Theatre Chicago,ORG,0.15568181818181817,0.0,en,1.0
AC Systems,AC Systems,ORG,0.1,0.0,en,1.0
Professional Installation,Professional Installation,ORG,0.1,0.0,en,1.0
CLAYMONT,CLAYMONT,ORG,0.0,0.0,en,1.0
Americans &,Americans &,ORG,0.0,0.0,en,1.0
Baby Boomers Daily Face Rising Healthcare Costs,Baby Boomers Daily Face Rising Healthcare Costs,ORG,0.5,0.0,en,1.0
White ‌ball,White ‌ball,ORG,0.10727272727272727,0.0,en,1.0
NZ,NZ,ORG,0.0,0.0,en,1.0
Santner,Santner,ORG,0.0,0.0,en,1.0
Shindell,Shindell,ORG,0.0,0.0,en,1.0
Change7,Change7,ORG,0.0,0.0,en,1.0
reco,reco,ORG,0.13636363636363635,0.0,en,1.0
Another Man's Winter/Spring 2026,Another Man's Winter/Spring 2026,ORG,0.08452380952380953,0.0,en,1.0
MPs,MPs,ORG,0.0,0.0,en,1.0
Nike SNKRS,Nike SNKRS,ORG,0.5,0.0,en,1.0
"Young, R. &amp","Young, R. &amp",ORG,0.0,0.0,en,1.0
"Song, F. Seasonal","Song, F. Seasonal",ORG,0.2,0.0,en,1.0
Sydney - Copyright,Sydney - Copyright,ORG,0.13636363636363635,0.0,en,1.0
Costco,Costco,ORG,0.0,0.0,en,1.0
The San Joaquin Valley,The San Joaquin Valley,ORG,-0.022222222222222216,0.0,en,1.0
Penn State,Penn State,ORG,0.21212121212121213,0.0,en,1.0
mig,mig,ORG,0.5,0.0,en,1.0
HistoryMental Floss,HistoryMental Floss,ORG,-0.15833333333333333,0.0,en,1.0
the University of Ottawa,the University of Ottawa,ORG,0.1787878787878788,0.0,en,1.0
00:00:04,00:00:04,ORG,-0.1875,0.0,en,1.0
the Boundless Life,the Boundless Life,ORG,0.008333333333333323,0.0,en,1.0
urgentl,urgentl,ORG,-0.024999999999999994,0.0,en,1.0
Energy1,Energy1,ORG,0.0,0.0,en,1.0
Innov,Innov,ORG,0.0,0.0,en,1.0
Corbis,Corbis,ORG,0.0,0.0,en,1.0
