,phrase,label,sentiment,subjectivity,language,count,gnd,geonames,geotype,latitude,longitude,continent,country,ipcc
India,India,GPE,0.42621987,1.29939120,en,5.40000000,,-1,,,,,,
Florida,Florida,GPE,-0.12923712,0.82355223,en,5.30000000,4017585-6,4155751,X,28.75054,-82.5001,NORTH-AMERICA,United States,ENA
Europe,Europe,LOC,0.00198413,0.33253968,en,3.50000000,,-1,,,,,,
Earth,Earth,LOC,0.45321970,1.97907383,en,3.40000000,,-1,,,,,,
Southern California,Southern California,LOC,-0.12418301,0.78431373,en,2.55000000,,-1,,,,,,
Ukraine,Ukraine,GPE,0.70747694,2.10777339,en,2.30000000,4061496-7,690791,X,49.0,32.0,EUROPE,Ukraine,WCE
US,US,GPE,0.71712018,1.52239229,en,2.10000000,,-1,,,,,,
America,America,GPE,0.49431818,0.89772727,en,2.00000000,,-1,,,,,,
Jamaica,Jamaica,GPE,-0.63721425,3.12780436,en,1.90000000,4028456-6,3489940,X,18.25,-77.5,CENTRAL-AMERICA,Jamaica,CAR
California,California,GPE,0.25749032,1.88273715,en,1.90000000,,-1,,,,,,
Paris,Paris,GPE,0.39254386,1.62938596,en,1.90000000,4044660-8,2988507,X,48.853409,2.3488,EUROPE,France,WCE
Türkiye,Türkiye,GPE,0.17543860,0.40935673,en,1.90000000,4061163-2,298795,X,39.05901,34.911549,EUROPE-AFRICA,Turkey,MED
Ahmedabad,Ahmedabad,GPE,0.17724868,0.41005291,en,1.80000000,4000813-7,1279233,X,23.02579,72.58726,ASIA,India,SAS
Queensland,Queensland,GPE,0.27777778,0.27777778,en,1.80000000,4103475-2,2152274,X,-20.0,145.0,OCEANIA,Australia,NAU
Coral Reef,Coral Reef,LOC,-0.11111111,0.37037037,en,1.80000000,,-1,,,,,,
South America,South America,LOC,0.08080808,0.42424242,en,1.65000000,,-1,,,,,,
U.S.,U.S.,GPE,0.52734375,1.20052083,en,1.60000000,,-1,,,,,,
Australia,Australia,GPE,0.31783911,2.82941468,en,1.60000000,,-1,,,,,,
UK,UK,GPE,0.67187500,1.94965278,en,1.60000000,,-1,,,,,,
Brazil,Brazil,GPE,0.17798295,1.15265152,en,1.60000000,4008003-1,3469034,X,-10.0,-55.0,SOUTH-AMERICA,Brazil,SAM
Greece,Greece,GPE,0.23974116,1.08617424,en,1.60000000,,-1,,,,,,
Japan,Japan,GPE,0.08892496,1.21632395,en,1.50000000,4028495-5,1861060,X,35.68536,139.753089,ASIA,Japan,EAS
Antarctica,Antarctica,LOC,0.00892857,1.85714286,en,1.40000000,,-1,,,,,,
China,China,GPE,0.08397109,0.91284014,en,1.40000000,4009937-4,1814991,X,35.0,105.0,ASIA,China,EAS
Alaska,Alaska,GPE,0.91375661,1.12037037,en,1.40000000,4001016-8,5879092,X,64.8,-150.8,NORTH-AMERICA,United States,NWN
New York,New York,GPE,0.30252010,1.58099103,en,1.40000000,,-1,,,,,,
Louisville,Louisville,GPE,-0.17948718,0.65384615,en,1.30000000,,-1,,,,,,
Iceland,Iceland,GPE,0.53846154,1.07692308,en,1.30000000,4027754-9,2629691,X,65.0,-18.0,POLAR,Iceland,GIC
Russia,Russia,GPE,0.69930070,1.43356643,en,1.30000000,,-1,,,,,,
Caribbean,Caribbean,LOC,-1.33846154,2.23846154,en,1.30000000,,-1,,,,,,
Disney Springs,Disney Springs,GPE,0.25349650,0.65268065,en,1.30000000,,-1,,,,,,
Mexico,Mexico,GPE,0.31623932,0.38461538,en,1.30000000,,-1,,,,,,
Barcelona,Barcelona,GPE,0.00000000,0.31944444,en,1.20000000,4004503-1,3128760,X,41.38879,2.15899,EUROPE-AFRICA,Spain,MED
Richmond,Richmond,GPE,-0.25000000,0.41666667,en,1.20000000,,-1,,,,,,
the United States,the United States,GPE,0.36111111,1.80555556,en,1.20000000,,-1,,,,,,
Illinois,Illinois,GPE,-0.01388889,0.75462963,en,1.20000000,4109206-5,4896861,X,40.2,-89.25037,NORTH-AMERICA,United States,ENA
Antarctic,Antarctic,LOC,0.04166667,0.58333333,en,1.20000000,,-1,,,,,,
West Virginia,West Virginia,GPE,-0.20000000,0.96388889,en,1.20000000,4119079-8,4826850,X,38.500379,-80.50009,NORTH-AMERICA,United States,ENA
Mumbai,Mumbai,GPE,1.10648148,1.32754630,en,1.20000000,10013721-0,1275339,X,19.072777,72.8825,ASIA,India,SAS
Spain,Spain,GPE,0.33333333,0.50000000,en,1.20000000,4055964-6,2510769,X,40.0,-4.0,EUROPE-AFRICA,Spain,MED
Chennai,Chennai,GPE,-0.20833333,0.78472222,en,1.20000000,5351481-6,1264527,X,13.087777,80.278333,ASIA,India,SAS
New Orleans,New Orleans,GPE,0.02424242,1.15858586,en,1.20000000,,-1,,,,,,
Kyiv,Kyiv,GPE,-0.08333333,0.58333333,en,1.20000000,4030522-3,703448,X,50.454722,30.523888,EUROPE,Ukraine,WCE
Columbus,Columbus,GPE,0.03472222,0.71527778,en,1.20000000,,-1,,,,,,
Gaza,Gaza,GPE,-0.43750000,0.81250000,en,1.20000000,,-1,,,,,,
Americas,Americas,LOC,0.06155303,1.00378788,en,1.20000000,,-1,,,,,,
KY,KY,GPE,0.00000000,0.54545455,en,1.10000000,,-1,,,,,,
Chicago,Chicago,GPE,0.45454545,0.45454545,en,1.10000000,4009921-0,4887398,X,41.850029,-87.650049,NORTH-AMERICA,United States,ENA
Vail,Vail,GPE,0.31877214,0.99763872,en,1.10000000,,-1,,,,,,
Colorado,Colorado,GPE,0.40041322,1.02107438,en,1.10000000,,-1,,,,,,
Shanghai,Shanghai,GPE,0.00000000,0.00000000,en,1.10000000,4052066-3,1796236,X,31.22222,121.45806,ASIA,China,EAS
Cuba,Cuba,GPE,-0.26262626,0.77777778,en,1.10000000,,-1,,,,,,
North America,North America,LOC,-0.12121212,0.42424242,en,1.10000000,,-1,,,,,,
Iowa,Iowa,GPE,-0.15151515,0.68181818,en,1.10000000,4109226-0,4862182,X,42.7,-93.500489,NORTH-AMERICA,United States,CNA
Hong Kong's,Hong Kong's,GPE,0.27613636,1.14545455,en,1.10000000,,-1,,,,,,
Long Beach,Long Beach,GPE,-0.00909091,0.82424242,en,1.10000000,,-1,,,,,,
the Atlantic Basin,the Atlantic Basin,LOC,0.72727273,1.36363636,en,1.10000000,,-1,,,,,,
A.L.,A.L.,GPE,0.00000000,0.27272727,en,1.10000000,,-1,,,,,,
Georgia,Georgia,GPE,0.38739669,1.03374656,en,1.10000000,4020273-2,4197000,X,32.750419,-83.50018,NORTH-AMERICA,United States,ENA
Palm,Palm,GPE,0.45454545,0.60606061,en,1.10000000,,-1,,,,,,
Thamesmead,Thamesmead,GPE,0.00000000,0.00000000,en,1.10000000,,-1,,,,,,
Appalachia,Appalachia,LOC,0.00000000,0.09090909,en,1.10000000,,-1,,,,,,
the Caribbean Sea,the Caribbean Sea,LOC,-0.21212121,0.93939394,en,1.10000000,,-1,,,,,,
Lake Superior,Lake Superior,LOC,0.59090909,0.81818182,en,1.10000000,,-1,,,,,,
Alabama,Alabama,GPE,0.38739669,1.03374656,en,1.10000000,4084839-5,4829764,X,32.75041,-86.750259,NORTH-AMERICA,United States,ENA
Rimtang,Rimtang,GPE,0.00000000,0.00000000,en,1.10000000,,-1,,,,,,
Charleston,Charleston,GPE,0.00000000,0.00000000,en,1.10000000,,-1,,,,,,
Croatia,Croatia,GPE,0.25454545,0.32727273,en,1.10000000,4073841-3,3202326,X,45.16667,15.5,EUROPE,Croatia,WCE
Kabul,Kabul,GPE,-0.69264069,1.34199134,en,1.10000000,4029127-3,1138958,X,34.528129,69.17233,ASIA,Afghanistan,WCA
Atlanta,Atlanta,GPE,0.38739669,1.03374656,en,1.10000000,4086063-2,4180439,X,33.748888,-84.387777,NORTH-AMERICA,United States,ENA
Chadster,Chadster,GPE,-0.28146853,0.96503497,en,1.10000000,,-1,,,,,,
Moscow,Moscow,GPE,0.29090909,0.50909091,en,1.10000000,4074987-3,524901,X,55.752222,37.615555,EUROPE,Russia,WCE
Asia,Asia,LOC,0.00000000,0.00000000,en,1.10000000,,-1,,,,,,
Conn.,Conn.,GPE,-0.54545455,0.90909091,en,1.10000000,,-1,,,,,,
Belém,Belém,GPE,0.45454545,0.45454545,en,1.10000000,,-1,,,,,,
Pune,Pune,GPE,-0.13939394,0.41212121,en,1.10000000,16035299-X,1259229,X,18.519444,73.855277,ASIA,India,SAS
St. Louis,St. Louis,GPE,0.03434343,0.81212121,en,1.10000000,4118223-6,4407066,X,38.62727,-90.19789,NORTH-AMERICA,United States,CNA
United States,United States,GPE,-0.14049587,0.48622590,en,1.10000000,,-1,,,,,,
Canada,Canada,GPE,0.06060606,0.51515152,en,1.10000000,4029456-0,6251999,X,60.108669,-113.642579,NORTH-AMERICA,Canada,NWN
Indiana,Indiana,GPE,0.21694215,0.87465565,en,1.10000000,4109219-3,4921868,X,40.2,-86.25027,NORTH-AMERICA,United States,ENA
B.C.,B.C.,GPE,-0.17171717,0.80303030,en,1.10000000,,-1,,,,,,
Leningrad,Leningrad,GPE,0.88636364,1.81818182,en,1.10000000,2018305-7,498817,X,59.894166,30.264166,EUROPE,Russia,NEU
Elkhart,Elkhart,GPE,0.21694215,0.87465565,en,1.10000000,,-1,,,,,,
Light Ivory,Light Ivory,GPE,0.15909091,0.87500000,en,1.10000000,,-1,,,,,,
Jollywood,Jollywood,GPE,0.59090909,0.90151515,en,1.10000000,,-1,,,,,,
Madagascar,Madagascar,GPE,0.90909091,0.90909091,en,1.10000000,4074425-5,1062947,X,-20.0,47.0,AFRICA,Madagascar,MDG
New York City,New York City,GPE,0.35005903,0.86606323,en,1.10000000,4042011-5,5128581,X,40.714166,-74.00597,NORTH-AMERICA,United States,ENA
Manchester United,Manchester United,GPE,-0.05000000,0.08125000,en,1.00000000,,-1,,,,,,
Flemington,Flemington,GPE,0.12500000,0.31111111,en,1.00000000,,-1,,,,,,
Acapulco,Acapulco,GPE,-0.15555556,0.28888889,en,1.00000000,,-1,,,,,,
Arctic National Wildlife Refug,Arctic National Wildlife Refug,LOC,0.00000000,0.05000000,en,1.00000000,,-1,,,,,,
Tarquinia,Tarquinia,GPE,0.00000000,0.00000000,en,1.00000000,4105777-6,3165919,X,42.25419,11.75657,EUROPE-AFRICA,Italy,MED
Arctic National Wildlife Refuge,Arctic National Wildlife Refuge,LOC,0.00000000,0.05000000,en,1.00000000,,-1,,,,,,
Italy,Italy,GPE,-0.20000000,0.37500000,en,1.00000000,,-1,,,,,,
HOUSTON,HOUSTON,GPE,0.13636364,0.45454545,en,1.00000000,,-1,,,,,,
England,England,GPE,-0.05000000,0.08125000,en,1.00000000,4014770-8,6269131,X,52.160449,-0.70312,EUROPE,United Kingdom,NEU
the mediterranean sea,the mediterranean sea,LOC,0.00000000,0.00000000,en,1.00000000,,-1,,,,,,
"AU$1,300","AU$1,300",GPE,0.21111111,0.54444444,en,1.00000000,,-1,,,,,,
Jordan,Jordan,GPE,0.00000000,0.00000000,en,1.00000000,,-1,,,,,,
Bethany,Bethany,GPE,0.00000000,0.00000000,en,1.00000000,,-1,,,,,,
Shinozaki K,Shinozaki K,GPE,0.00000000,0.00000000,en,1.00000000,,-1,,,,,,
the South Pole Basin,the South Pole Basin,LOC,0.00000000,0.00000000,en,1.00000000,,-1,,,,,,
EPCOT,EPCOT,GPE,0.50000000,0.20000000,en,1.00000000,,-1,,,,,,
Philippines,Philippines,GPE,0.16666667,0.33333333,en,1.00000000,4045771-0,1694008,X,13.0,122.0,ASIA,,SEA
JACKSONVILLE,JACKSONVILLE,GPE,0.00000000,0.00000000,en,1.00000000,,-1,,,,,,
the Jordan River,the Jordan River,LOC,0.00000000,0.00000000,en,1.00000000,,-1,,,,,,
ISTANBUL,ISTANBUL,GPE,0.03333333,0.31111111,en,1.00000000,,-1,,,,,,
the east bank,the east bank,GPE,0.00000000,0.00000000,en,1.00000000,,-1,,,,,,
the Middle East,the Middle East,LOC,0.00000000,0.00000000,en,1.00000000,,-1,,,,,,
The United States,The United States,GPE,0.17500000,0.43500000,en,1.00000000,,-1,,,,,,
Manhattan,Manhattan,GPE,0.00000000,0.00000000,en,1.00000000,,-1,,,,,,
Dublin,Dublin,GPE,0.33000000,0.56666667,en,1.00000000,4013170-1,2964574,X,53.33306,-6.24889,EUROPE,Ireland,NEU
Jacksonville,Jacksonville,GPE,0.00000000,0.00000000,en,1.00000000,,-1,,,,,,
Africa,Africa,LOC,-0.03272727,0.48000000,en,1.00000000,,-1,,,,,,
LOUISVILLE,LOUISVILLE,GPE,-0.10000000,0.20000000,en,1.00000000,,-1,,,,,,
Honolulu,Honolulu,GPE,0.00000000,0.00000000,en,1.00000000,,-1,,,,,,
protecti,protecti,GPE,0.21428571,0.42857143,en,1.00000000,,-1,,,,,,
MIAMI,MIAMI,GPE,-0.43333333,0.60000000,en,1.00000000,,-1,,,,,,
the Sonoran Desert,the Sonoran Desert,LOC,0.00000000,0.00000000,en,1.00000000,,-1,,,,,,
recombinases,recombinases,GPE,0.00000000,0.10000000,en,1.00000000,,-1,,,,,,
TALLAHASSEE,TALLAHASSEE,GPE,0.32323232,0.65151515,en,1.00000000,,-1,,,,,,
Kan.,Kan.,GPE,-0.10000000,0.51666667,en,1.00000000,,-1,,,,,,
Fla.,Fla.,GPE,0.32323232,0.65151515,en,1.00000000,,-1,,,,,,
Tokyo,Tokyo,GPE,-0.40000000,0.70000000,en,1.00000000,4078337-6,1850147,X,35.6895,139.69171,ASIA,Japan,EAS
Hong Kong,Hong Kong,GPE,0.00000000,0.00000000,en,1.00000000,4025822-1,1819730,X,22.25,114.166666,ASIA,Hong Kong,EAS
Pacific Northwest,Pacific Northwest,LOC,0.10000000,0.50000000,en,1.00000000,,-1,,,,,,
Ireland,Ireland,GPE,0.50000000,0.50000000,en,1.00000000,4027667-3,2963597,X,53.0,-8.0,EUROPE,Ireland,NEU
Malaysia,Malaysia,GPE,0.40000000,0.40000000,en,1.00000000,4037203-0,1733045,X,2.5,112.5,ASIA,Malaysia,SEA
turkey,turkey,GPE,-0.15625000,0.71875000,en,1.00000000,,-1,,,,,,
vermút,vermút,GPE,0.20000000,0.30000000,en,1.00000000,,-1,,,,,,
Europes,Europes,LOC,0.14375000,0.41250000,en,1.00000000,,-1,,,,,,
Philly,Philly,LOC,0.00000000,0.00000000,en,1.00000000,,-1,,,,,,
Turkey,Turkey,GPE,0.80000000,0.75000000,en,1.00000000,4061163-2,298795,X,39.05901,34.911549,EUROPE-AFRICA,Turkey,MED
chile,chile,GPE,0.37500000,0.50000000,en,1.00000000,,-1,,,,,,
Baja,Baja,GPE,0.16727273,0.35590909,en,1.00000000,,-1,,,,,,
ATHENS,ATHENS,GPE,0.00000000,0.00000000,en,1.00000000,,-1,,,,,,
Georgetown,Georgetown,GPE,-0.20000000,0.75000000,en,1.00000000,,-1,,,,,,
Adriatic,Adriatic,LOC,0.42500000,0.50000000,en,1.00000000,,-1,,,,,,
MUMBAI,MUMBAI,GPE,0.08000000,0.27000000,en,1.00000000,,-1,,,,,,
Bombay,Bombay,GPE,0.08000000,0.27000000,en,1.00000000,4007629-5,1275339,X,19.072829,72.882609,ASIA,India,SAS
South Africa,South Africa,GPE,0.00000000,1.00000000,en,1.00000000,4078012-0,953987,X,-29.0,24.0,AFRICA,South Africa,WSAF
Bollywood,Bollywood,GPE,0.00000000,0.00000000,en,1.00000000,,-1,,,,,,
Montana,Montana,GPE,-0.01666667,0.30000000,en,1.00000000,4040138-8,5667009,X,47.5,-109.751019,NORTH-AMERICA,United States,WNA
Goa,Goa,GPE,0.00000000,0.00000000,en,1.00000000,4021394-8,1271156,X,15.50195,73.910089,ASIA,India,SAS
Kastellorizo,Kastellorizo,LOC,0.10000000,0.53333333,en,1.00000000,4115076-4,257079,X,36.142222,29.581388,EUROPE-AFRICA,Greece,MED
Misso…,Misso…,GPE,0.17045455,0.53484848,en,1.00000000,,-1,,,,,,
Delhi,Delhi,GPE,0.33333333,0.71666667,en,1.00000000,4011371-1,1273294,X,28.65381,77.22897,ASIA,India,SAS
VA,VA,GPE,-0.30000000,0.50000000,en,1.00000000,,-1,,,,,,
UNITED STATES,UNITED STATES,GPE,0.00000000,0.00000000,en,1.00000000,,-1,,,,,,
Pacific Palisades,Pacific Palisades,GPE,0.00000000,0.00000000,en,1.00000000,,-1,,,,,,
Los Angeles,Los Angeles,GPE,0.00000000,0.00000000,en,1.00000000,,-1,,,,,,
Abilene,Abilene,GPE,-0.10000000,0.10000000,en,1.00000000,,-1,,,,,,
Texas,Texas,GPE,-0.10000000,0.10000000,en,1.00000000,4059594-8,4736286,X,31.25044,-99.250609,NORTH-AMERICA,United States,CNA
Immokalee,Immokalee,GPE,0.17142857,0.55714286,en,1.00000000,,-1,,,,,,
Yorkshire Water,Yorkshire Water,LOC,0.00000000,0.00000000,en,1.00000000,,-1,,,,,,
St. Louis',St. Louis',GPE,-0.03888889,0.66666667,en,1.00000000,,-1,,,,,,
Pacific Ocean,Pacific Ocean,LOC,0.13636364,0.45454545,en,1.00000000,,-1,,,,,,
San Diego,San Diego,GPE,0.25000000,0.85000000,en,1.00000000,,-1,,,,,,
the north Pacific,the north Pacific,LOC,0.25000000,0.85000000,en,1.00000000,,-1,,,,,,
Nanaimo,Nanaimo,GPE,0.06111111,0.48333333,en,1.00000000,,-1,,,,,,
Roman,Roman,GPE,-0.40000000,0.55000000,en,1.00000000,,-1,,,,,,
Darby Allin,Darby Allin,GPE,-0.32500000,0.70625000,en,1.00000000,,-1,,,,,,
Crete,Crete,GPE,-0.20000000,0.29166667,en,1.00000000,,-1,,,,,,
Attic… Rain,Attic… Rain,LOC,-0.20000000,0.29166667,en,1.00000000,,-1,,,,,,
Indonesia,Indonesia,GPE,0.13636364,0.45454545,en,1.00000000,4026761-1,1643084,X,-5.0,120.0,ASIA,Indonesia,SEA
CALIFORNIA,CALIFORNIA,GPE,0.00000000,0.00000000,en,1.00000000,,-1,,,,,,
New Orleans Saints,New Orleans Saints,LOC,0.06818182,0.22727273,en,1.00000000,,-1,,,,,,
Brisbane,Brisbane,GPE,0.00000000,1.00000000,en,1.00000000,4212528-5,2174003,X,-27.467939,153.028089,OCEANIA,Australia,EAU
Mongolia,Mongolia,GPE,0.45000000,0.62500000,en,1.00000000,,-1,,,,,,
tRNAs,tRNAs,GPE,0.00000000,0.00000000,en,1.00000000,,-1,,,,,,
Philadelphia,Philadelphia,GPE,0.25000000,0.50000000,en,1.00000000,,-1,,,,,,
Wyncote,Wyncote,GPE,0.25000000,0.50000000,en,1.00000000,,-1,,,,,,
Pa.,Pa.,GPE,0.25000000,0.50000000,en,1.00000000,,-1,,,,,,
Perth,Perth,GPE,-0.25961538,0.46153846,en,1.00000000,,-1,,,,,,
Bogar AR,Bogar AR,GPE,0.00000000,0.00000000,en,1.00000000,,-1,,,,,,
et al,et al,GPE,0.00000000,0.00000000,en,1.00000000,,-1,,,,,,
BRUSSELS,BRUSSELS,GPE,0.09166667,0.45000000,en,1.00000000,,-1,,,,,,
Sydney,Sydney,GPE,0.00000000,1.00000000,en,1.00000000,4058708-3,2147714,X,-33.867849,151.20732,OCEANIA,,EAU
commande,commande,GPE,0.06875000,0.40000000,en,1.00000000,,-1,,,,,,
Hunan,Hunan,GPE,-0.14285714,0.35714286,en,1.00000000,,-1,,,,,,
Reborn,Reborn,GPE,-0.26666667,0.30000000,en,1.00000000,,-1,,,,,,
Accor,Accor,GPE,0.00000000,0.00000000,en,1.00000000,,-1,,,,,,
Cybertruck,Cybertruck,GPE,0.00000000,0.00000000,en,1.00000000,,-1,,,,,,
Marseille,Marseille,GPE,0.50000000,0.50000000,en,1.00000000,4037694-1,2995469,X,43.29695,5.38107,EUROPE-AFRICA,France,MED
STAMFORD,STAMFORD,GPE,-0.30000000,0.50000000,en,1.00000000,,-1,,,,,,
Ambolimailaky,Ambolimailaky,GPE,0.00000000,0.00000000,en,1.00000000,,-1,,,,,,
RICHMOND,RICHMOND,GPE,0.00000000,0.00000000,en,1.00000000,,-1,,,,,,
Central Switzerland,Central Switzerland,LOC,0.13333333,0.48333333,en,1.00000000,,-1,,,,,,
Va.,Va.,GPE,0.00000000,0.00000000,en,1.00000000,,-1,,,,,,
the Atlantic Ocean,the Atlantic Ocean,LOC,0.28571429,0.53571429,en,1.00000000,,-1,,,,,,
McDowell County,McDowell County,GPE,0.08000000,0.30333333,en,1.00000000,,-1,,,,,,
the National Oceanic,the National Oceanic,LOC,-0.25000000,0.45000000,en,1.00000000,,-1,,,,,,
Atlantic Ocean,Atlantic Ocean,LOC,0.01666667,0.58333333,en,1.00000000,,-1,,,,,,
Tampa,Tampa,GPE,-0.06980519,0.32088745,en,1.00000000,,-1,,,,,,
Atlantic,Atlantic,LOC,0.00000000,0.00000000,en,1.00000000,,-1,,,,,,
New Hope,New Hope,GPE,0.11818182,0.42727273,en,1.00000000,,-1,,,,,,
Israel,Israel,GPE,-0.12500000,0.37500000,en,1.00000000,4027808-6,294640,X,31.5,34.75,EUROPE-AFRICA,Israel,MED
East Colfax,East Colfax,GPE,0.00000000,0.00000000,en,1.00000000,,-1,,,,,,
Colfax,Colfax,GPE,0.50000000,0.50000000,en,1.00000000,,-1,,,,,,
Aurora,Aurora,GPE,0.16666667,0.46666667,en,1.00000000,,-1,,,,,,
barbecue,barbecue,GPE,0.16666667,0.46666667,en,1.00000000,,-1,,,,,,
landfalling Atlantic,landfalling Atlantic,LOC,0.00000000,0.00000000,en,1.00000000,,-1,,,,,,
recordis,recordis,GPE,0.00000000,0.00000000,en,1.00000000,,-1,,,,,,
Va,Va,GPE,0.17532468,0.54870130,en,1.00000000,,-1,,,,,,
Santa Maria,Santa Maria,GPE,-0.17777778,0.48333333,en,1.00000000,,-1,,,,,,
St. Regis,St. Regis,GPE,-0.02121212,0.78484848,en,1.00000000,,-1,,,,,,
Southern Hemispheres,Southern Hemispheres,LOC,0.00000000,0.00000000,en,1.00000000,,-1,,,,,,
Northern,Northern,LOC,0.00000000,0.00000000,en,1.00000000,,-1,,,,,,
San Bernardino C,San Bernardino C,GPE,-0.20000000,0.30000000,en,1.00000000,,-1,,,,,,
Key Largo,Key Largo,LOC,0.03333333,0.50000000,en,1.00000000,,-1,,,,,,
Lahore,Lahore,GPE,0.00000000,0.00000000,en,1.00000000,4034107-0,1172451,X,31.54972,74.343609,ASIA,Pakistan,WCA
Pakistan,Pakistan,GPE,0.00000000,0.00000000,en,1.00000000,4075812-6,1168579,X,30.0,70.0,ASIA,Pakistan,WCA
Williams,Williams,GPE,0.03333333,0.35000000,en,1.00000000,,-1,,,,,,
Central Iowa,Central Iowa,LOC,0.12500000,0.29166667,en,1.00000000,,-1,,,,,,
Brisbane/,Brisbane/,GPE,-0.60000000,0.70000000,en,1.00000000,,-1,,,,,,
Meanjin,Meanjin,GPE,-0.60000000,0.70000000,en,1.00000000,,-1,,,,,,
WASHINGTON,WASHINGTON,GPE,-0.03333333,0.83333333,en,1.00000000,,-1,,,,,,
Kenya,Kenya,GPE,0.12500000,0.35625000,en,1.00000000,4030236-2,192950,X,1.0,38.0,AFRICA,Kenya,SEAF
NY,NY,GPE,0.17510823,0.44401154,en,1.00000000,,-1,,,,,,
the Blue Ridge,the Blue Ridge,LOC,0.00000000,0.10000000,en,1.00000000,,-1,,,,,,
Imperial Valley,Imperial Valley,LOC,0.17708333,0.42083333,en,1.00000000,,-1,,,,,,
South Carolina,South Carolina,GPE,0.00000000,0.00000000,en,1.00000000,4055656-6,4597040,X,34.3,-81.0,NORTH-AMERICA,United States,ENA
CHARLESTON,CHARLESTON,GPE,0.00000000,0.00000000,en,1.00000000,,-1,,,,,,
S.C.,S.C.,GPE,0.00000000,0.00000000,en,1.00000000,,-1,,,,,,
Afghanistan,Afghanistan,GPE,0.03809524,0.47619048,en,1.00000000,4000687-6,1149361,X,33.0,66.0,ASIA,Afghanistan,WCA
Orlando,Orlando,GPE,0.10795455,0.53484848,en,1.00000000,,-1,,,,,,
South Asia,South Asia,LOC,-0.03272727,0.48000000,en,1.00000000,,-1,,,,,,
